Id:       1
Winner:   450188
Target:   00000200
Solution: 06707968 (validated)
Votes:    1/1
Wallets:  450188:1

Id:       2
Winner:   450188
Target:   06707968
Solution: 03933730 (validated)
Votes:    2/2
Wallets:  450188:2

Id:       3
Winner:   450188
Target:   03933730
Solution: 02565490 (validated)
Votes:    3/3
Wallets:  450188:3

Id:       4
Winner:   450188
Target:   02565490
Solution: 07402882 (validated)
Votes:    4/4
Wallets:  450188:4

Id:       5
Winner:   450188
Target:   07402882
Solution: 00590565 (validated)
Votes:    5/5
Wallets:  450188:5

Id:       6
Winner:   450188
Target:   00590565
Solution: 07605495 (rejected)
Votes:    6/6
Wallets:  450188:6

Id:       7
Winner:   450188
Target:   00590565
Solution: 07605495 (validated)
Votes:    7/7
Wallets:  450188:7

Id:       8
Winner:   450188
Target:   07605495
Solution: 07985324 (validated)
Votes:    8/8
Wallets:  450188:8

Id:       9
Winner:   450188
Target:   07985324
Solution: 09149497 (validated)
Votes:    9/9
Wallets:  450188:9

Id:       10
Winner:   450188
Target:   09149497
Solution: 07674965 (validated)
Votes:    10/10
Wallets:  450188:10

Id:       11
Winner:   450188
Target:   07674965
Solution: 07157494 (validated)
Votes:    11/11
Wallets:  450188:11

Id:       12
Winner:   450188
Target:   07157494
Solution: 04412721 (validated)
Votes:    12/12
Wallets:  450188:12

Id:       13
Winner:   450188
Target:   04412721
Solution: 04339740 (rejected)
Votes:    13/13
Wallets:  450188:13

Id:       14
Winner:   450188
Target:   04412721
Solution: 04339740 (rejected)
Votes:    14/14
Wallets:  450188:14

Id:       15
Winner:   450188
Target:   04412721
Solution: 04339740 (validated)
Votes:    15/15
Wallets:  450188:15

Id:       16
Winner:   450188
Target:   04339740
Solution: 07497639 (validated)
Votes:    16/16
Wallets:  450188:16

Id:       17
Winner:   450188
Target:   07497639
Solution: 00106140 (validated)
Votes:    17/17
Wallets:  450188:17

Id:       18
Winner:   450188
Target:   00106140
Solution: 09551411 (validated)
Votes:    18/18
Wallets:  450188:18

Id:       19
Winner:   450188
Target:   09551411
Solution: 00652067 (validated)
Votes:    19/19
Wallets:  450188:19

Id:       20
Winner:   450188
Target:   00652067
Solution: 07187786 (validated)
Votes:    20/20
Wallets:  450188:20

Id:       21
Winner:   450188
Target:   07187786
Solution: 09222576 (validated)
Votes:    21/21
Wallets:  450188:21

Id:       22
Winner:   450188
Target:   09222576
Solution: 04534607 (validated)
Votes:    22/22
Wallets:  450188:22

Id:       23
Winner:   450188
Target:   04534607
Solution: 05752627 (validated)
Votes:    23/23
Wallets:  450188:23

Id:       24
Winner:   450188
Target:   05752627
Solution: 01163994 (rejected)
Votes:    24/24
Wallets:  450188:24

Id:       25
Winner:   450188
Target:   05752627
Solution: 01163994 (validated)
Votes:    25/25
Wallets:  450188:25

Id:       26
Winner:   450188
Target:   01163994
Solution: 00370785 (rejected)
Votes:    26/26
Wallets:  450188:26

Id:       27
Winner:   450188
Target:   01163994
Solution: 00370785 (validated)
Votes:    27/27
Wallets:  450188:27

Id:       28
Winner:   450188
Target:   00370785
Solution: 04177213 (validated)
Votes:    28/28
Wallets:  450188:28

Id:       29
Winner:   450188
Target:   04177213
Solution: 05033484 (validated)
Votes:    29/29
Wallets:  450188:29

Id:       30
Winner:   450188
Target:   05033484
Solution: 05577333 (validated)
Votes:    30/30
Wallets:  450188:30

Id:       31
Winner:   450188
Target:   05577333
Solution: 04065975 (validated)
Votes:    31/31
Wallets:  450188:31

Id:       32
Winner:   450188
Target:   04065975
Solution: 09607173 (validated)
Votes:    32/32
Wallets:  450188:32

Id:       33
Winner:   450188
Target:   09607173
Solution: 00635199 (validated)
Votes:    33/33
Wallets:  450188:33

Id:       34
Winner:   450188
Target:   00635199
Solution: 00904032 (validated)
Votes:    34/34
Wallets:  450188:34

Id:       35
Winner:   450188
Target:   00904032
Solution: 05869071 (validated)
Votes:    35/35
Wallets:  450188:35

Id:       36
Winner:   450188
Target:   05869071
Solution: 00786680 (validated)
Votes:    36/36
Wallets:  450188:36

Id:       37
Winner:   450188
Target:   00786680
Solution: 05675793 (validated)
Votes:    37/37
Wallets:  450188:37

Id:       38
Winner:   450188
Target:   05675793
Solution: 03530228 (validated)
Votes:    38/38
Wallets:  450188:38

Id:       39
Winner:   450188
Target:   03530228
Solution: 00530663 (rejected)
Votes:    39/39
Wallets:  450188:39

Id:       40
Winner:   450188
Target:   03530228
Solution: 00530663 (validated)
Votes:    40/40
Wallets:  450188:40

Id:       41
Winner:   450188
Target:   00530663
Solution: 00352237 (validated)
Votes:    41/41
Wallets:  450188:41

Id:       42
Winner:   450188
Target:   00352237
Solution: 00449241 (validated)
Votes:    42/42
Wallets:  450188:42

Id:       43
Winner:   450188
Target:   00449241
Solution: 06794097 (validated)
Votes:    43/43
Wallets:  450188:43

Id:       44
Winner:   450188
Target:   06794097
Solution: 04149362 (validated)
Votes:    44/44
Wallets:  450188:44

Id:       45
Winner:   450188
Target:   04149362
Solution: 03210976 (validated)
Votes:    45/45
Wallets:  450188:45

Id:       46
Winner:   450188
Target:   03210976
Solution: 05414341 (rejected)
Votes:    46/46
Wallets:  450188:46

Id:       47
Winner:   450188
Target:   03210976
Solution: 05414341 (validated)
Votes:    47/47
Wallets:  450188:47

Id:       48
Winner:   450188
Target:   05414341
Solution: 09986027 (validated)
Votes:    48/48
Wallets:  450188:48

Id:       49
Winner:   450188
Target:   09986027
Solution: 01318805 (validated)
Votes:    49/49
Wallets:  450188:49

Id:       50
Winner:   450188
Target:   01318805
Solution: 01861924 (rejected)
Votes:    50/50
Wallets:  450188:50

Id:       51
Winner:   450188
Target:   01318805
Solution: 01861924 (validated)
Votes:    51/51
Wallets:  450188:51

Id:       52
Winner:   450188
Target:   01861924
Solution: 04912700 (validated)
Votes:    52/52
Wallets:  450188:52

Id:       53
Winner:   450188
Target:   04912700
Solution: 00893104 (validated)
Votes:    53/53
Wallets:  450188:53

Id:       54
Winner:   450188
Target:   00893104
Solution: 06973590 (validated)
Votes:    54/54
Wallets:  450188:54

Id:       55
Winner:   450188
Target:   06973590
Solution: 02917115 (validated)
Votes:    55/55
Wallets:  450188:55

Id:       56
Winner:   450188
Target:   02917115
Solution: 02294619 (validated)
Votes:    56/56
Wallets:  450188:56

Id:       57
Winner:   450188
Target:   02294619
Solution: 00848854 (validated)
Votes:    57/57
Wallets:  450188:57

Id:       58
Winner:   450188
Target:   00848854
Solution: 08234850 (validated)
Votes:    58/58
Wallets:  450188:58

Id:       59
Winner:   450188
Target:   08234850
Solution: 08720451 (validated)
Votes:    59/59
Wallets:  450188:59

Id:       60
Winner:   450188
Target:   08720451
Solution: 06985027 (validated)
Votes:    60/60
Wallets:  450188:60

Id:       61
Winner:   450188
Target:   06985027
Solution: 08738862 (validated)
Votes:    61/61
Wallets:  450188:61

Id:       62
Winner:   450188
Target:   08738862
Solution: 05077525 (rejected)
Votes:    62/62
Wallets:  450188:62

Id:       63
Winner:   450188
Target:   08738862
Solution: 05077525 (rejected)
Votes:    63/63
Wallets:  450188:63

Id:       64
Winner:   450188
Target:   08738862
Solution: 05077525 (validated)
Votes:    64/64
Wallets:  450188:64

Id:       65
Winner:   450188
Target:   05077525
Solution: 09073478 (validated)
Votes:    65/65
Wallets:  450188:65

Id:       66
Winner:   450188
Target:   09073478
Solution: 00291396 (validated)
Votes:    66/66
Wallets:  450188:66

Id:       67
Winner:   450188
Target:   00291396
Solution: 02515522 (validated)
Votes:    67/67
Wallets:  450188:67

Id:       68
Winner:   450188
Target:   02515522
Solution: 01723674 (rejected)
Votes:    68/68
Wallets:  450188:68

Id:       69
Winner:   450188
Target:   02515522
Solution: 01723674 (validated)
Votes:    69/69
Wallets:  450188:69

Id:       70
Winner:   450188
Target:   01723674
Solution: 04447482 (validated)
Votes:    70/70
Wallets:  450188:70

Id:       71
Winner:   450188
Target:   04447482
Solution: 04338548 (validated)
Votes:    71/71
Wallets:  450188:71

Id:       72
Winner:   450188
Target:   04338548
Solution: 06264110 (validated)
Votes:    72/72
Wallets:  450188:72

Id:       73
Winner:   450188
Target:   06264110
Solution: 03449080 (validated)
Votes:    73/73
Wallets:  450188:73

Id:       74
Winner:   450188
Target:   03449080
Solution: 08245774 (validated)
Votes:    74/74
Wallets:  450188:74

Id:       75
Winner:   450188
Target:   08245774
Solution: 09859597 (validated)
Votes:    75/75
Wallets:  450188:75

Id:       76
Winner:   450188
Target:   09859597
Solution: 09294320 (validated)
Votes:    76/76
Wallets:  450188:76

Id:       77
Winner:   450188
Target:   09294320
Solution: 02889592 (validated)
Votes:    77/77
Wallets:  450188:77

Id:       78
Winner:   450188
Target:   02889592
Solution: 06447824 (validated)
Votes:    78/78
Wallets:  450188:78

Id:       79
Winner:   450188
Target:   06447824
Solution: 06542955 (validated)
Votes:    79/79
Wallets:  450188:79

Id:       80
Winner:   450188
Target:   06542955
Solution: 01228641 (rejected)
Votes:    80/80
Wallets:  450188:80

Id:       81
Winner:   450188
Target:   06542955
Solution: 01228641 (validated)
Votes:    81/81
Wallets:  450188:81

Id:       82
Winner:   450188
Target:   01228641
Solution: 07963263 (validated)
Votes:    82/82
Wallets:  450188:82

Id:       83
Winner:   450188
Target:   07963263
Solution: 03874578 (validated)
Votes:    83/83
Wallets:  450188:83

Id:       84
Winner:   450188
Target:   03874578
Solution: 09524864 (validated)
Votes:    84/84
Wallets:  450188:84

Id:       85
Winner:   450188
Target:   09524864
Solution: 07224347 (validated)
Votes:    85/85
Wallets:  450188:85

Id:       86
Winner:   450188
Target:   07224347
Solution: 09339531 (validated)
Votes:    86/86
Wallets:  450188:86

Id:       87
Winner:   450188
Target:   09339531
Solution: 04962878 (validated)
Votes:    87/87
Wallets:  450188:87

Id:       88
Winner:   450188
Target:   04962878
Solution: 03753415 (validated)
Votes:    88/88
Wallets:  450188:88

Id:       89
Winner:   450188
Target:   03753415
Solution: 09975681 (validated)
Votes:    89/89
Wallets:  450188:89

Id:       90
Winner:   450188
Target:   09975681
Solution: 00895219 (validated)
Votes:    90/90
Wallets:  450188:90

Id:       91
Winner:   450188
Target:   00895219
Solution: 07862240 (validated)
Votes:    91/91
Wallets:  450188:91

Id:       92
Winner:   450188
Target:   07862240
Solution: 04869730 (validated)
Votes:    92/92
Wallets:  450188:92

Id:       93
Winner:   450188
Target:   04869730
Solution: 04015748 (validated)
Votes:    93/93
Wallets:  450188:93

Id:       94
Winner:   450188
Target:   04015748
Solution: 01739243 (validated)
Votes:    94/94
Wallets:  450188:94

Id:       95
Winner:   450188
Target:   01739243
Solution: 02031291 (validated)
Votes:    95/95
Wallets:  450188:95

Id:       96
Winner:   450188
Target:   02031291
Solution: 09825353 (validated)
Votes:    96/96
Wallets:  450188:96

Id:       97
Winner:   450188
Target:   09825353
Solution: 01736751 (validated)
Votes:    97/97
Wallets:  450188:97

Id:       98
Winner:   450188
Target:   01736751
Solution: 00157006 (validated)
Votes:    98/98
Wallets:  450188:98

Id:       99
Winner:   450188
Target:   00157006
Solution: 06413828 (validated)
Votes:    99/99
Wallets:  450188:99

Id:       100
Winner:   450188
Target:   06413828
Solution: 09843611 (validated)
Votes:    100/100
Wallets:  450188:100

Id:       101
Winner:   450188
Target:   09843611
Solution: 03168435 (rejected)
Votes:    101/101
Wallets:  450188:101

Id:       102
Winner:   450188
Target:   09843611
Solution: 03168435 (validated)
Votes:    102/102
Wallets:  450188:102

Id:       103
Winner:   450188
Target:   03168435
Solution: 00350369 (rejected)
Votes:    103/103
Wallets:  450188:103

Id:       104
Winner:   450188
Target:   03168435
Solution: 00350369 (validated)
Votes:    104/104
Wallets:  450188:104

Id:       105
Winner:   450188
Target:   00350369
Solution: 08480308 (validated)
Votes:    105/105
Wallets:  450188:105

Id:       106
Winner:   450188
Target:   08480308
Solution: 00626097 (validated)
Votes:    106/106
Wallets:  450188:106

Id:       107
Winner:   450188
Target:   00626097
Solution: 02539421 (validated)
Votes:    107/107
Wallets:  450188:107

Id:       108
Winner:   450188
Target:   02539421
Solution: 00798468 (validated)
Votes:    108/108
Wallets:  450188:108

Id:       109
Winner:   450188
Target:   00798468
Solution: 02072755 (validated)
Votes:    109/109
Wallets:  450188:109

Id:       110
Winner:   450188
Target:   02072755
Solution: 06637185 (validated)
Votes:    110/110
Wallets:  450188:110

Id:       111
Winner:   450188
Target:   06637185
Solution: 08913291 (validated)
Votes:    111/111
Wallets:  450188:111

Id:       112
Winner:   450188
Target:   08913291
Solution: 04979220 (rejected)
Votes:    112/112
Wallets:  450188:112

Id:       113
Winner:   450188
Target:   08913291
Solution: 04979220 (validated)
Votes:    113/113
Wallets:  450188:113

Id:       114
Winner:   450188
Target:   04979220
Solution: 00149358 (validated)
Votes:    114/114
Wallets:  450188:114

Id:       115
Winner:   450188
Target:   00149358
Solution: 07289295 (validated)
Votes:    115/115
Wallets:  450188:115

Id:       116
Winner:   450188
Target:   07289295
Solution: 00561097 (validated)
Votes:    116/116
Wallets:  450188:116

Id:       117
Winner:   450188
Target:   00561097
Solution: 00494712 (validated)
Votes:    117/117
Wallets:  450188:117

Id:       118
Winner:   450188
Target:   00494712
Solution: 02996916 (validated)
Votes:    118/118
Wallets:  450188:118

Id:       119
Winner:   450188
Target:   02996916
Solution: 02805846 (validated)
Votes:    119/119
Wallets:  450188:119

Id:       120
Winner:   450188
Target:   02805846
Solution: 06760742 (validated)
Votes:    120/120
Wallets:  450188:120

Id:       121
Winner:   450188
Target:   06760742
Solution: 00321521 (validated)
Votes:    121/121
Wallets:  450188:121

Id:       122
Winner:   450188
Target:   00321521
Solution: 03520845 (validated)
Votes:    122/122
Wallets:  450188:122

Id:       123
Winner:   450188
Target:   03520845
Solution: 07318639 (validated)
Votes:    123/123
Wallets:  450188:123

Id:       124
Winner:   450188
Target:   07318639
Solution: 07241616 (validated)
Votes:    124/124
Wallets:  450188:124

Id:       125
Winner:   450188
Target:   07241616
Solution: 03146930 (validated)
Votes:    125/125
Wallets:  450188:125

Id:       126
Winner:   450188
Target:   03146930
Solution: 03132319 (validated)
Votes:    126/126
Wallets:  450188:126

Id:       127
Winner:   450188
Target:   03132319
Solution: 03067532 (validated)
Votes:    127/127
Wallets:  450188:127

Id:       128
Winner:   450188
Target:   03067532
Solution: 04019450 (validated)
Votes:    128/128
Wallets:  450188:128

Id:       129
Winner:   450188
Target:   04019450
Solution: 09747110 (validated)
Votes:    129/129
Wallets:  450188:129

Id:       130
Winner:   450188
Target:   09747110
Solution: 02116494 (validated)
Votes:    130/130
Wallets:  450188:130

Id:       131
Winner:   450188
Target:   02116494
Solution: 04570340 (validated)
Votes:    131/131
Wallets:  450188:131

Id:       132
Winner:   450188
Target:   04570340
Solution: 00416478 (validated)
Votes:    132/132
Wallets:  450188:132

Id:       133
Winner:   450188
Target:   00416478
Solution: 00827837 (validated)
Votes:    133/133
Wallets:  450188:133

Id:       134
Winner:   450188
Target:   00827837
Solution: 07227489 (validated)
Votes:    134/134
Wallets:  450188:134

Id:       135
Winner:   450188
Target:   07227489
Solution: 01536497 (validated)
Votes:    135/135
Wallets:  450188:135

Id:       136
Winner:   450188
Target:   01536497
Solution: 06752787 (validated)
Votes:    136/136
Wallets:  450188:136

Id:       137
Winner:   450188
Target:   06752787
Solution: 05936852 (validated)
Votes:    137/137
Wallets:  450188:137

Id:       138
Winner:   450188
Target:   05936852
Solution: 05063454 (validated)
Votes:    138/138
Wallets:  450188:138

Id:       139
Winner:   450188
Target:   05063454
Solution: 06044826 (validated)
Votes:    139/139
Wallets:  450188:139

Id:       140
Winner:   450188
Target:   06044826
Solution: 01741854 (validated)
Votes:    140/140
Wallets:  450188:140

Id:       141
Winner:   450188
Target:   01741854
Solution: 04640997 (validated)
Votes:    141/141
Wallets:  450188:141

Id:       142
Winner:   450188
Target:   04640997
Solution: 01127334 (validated)
Votes:    142/142
Wallets:  450188:142

Id:       143
Winner:   450188
Target:   01127334
Solution: 08295478 (validated)
Votes:    143/143
Wallets:  450188:143

Id:       144
Winner:   450188
Target:   08295478
Solution: 03657543 (validated)
Votes:    144/144
Wallets:  450188:144

Id:       145
Winner:   450188
Target:   03657543
Solution: 08526238 (validated)
Votes:    145/145
Wallets:  450188:145

Id:       146
Winner:   450188
Target:   08526238
Solution: 06806752 (validated)
Votes:    146/146
Wallets:  450188:146

Id:       147
Winner:   450188
Target:   06806752
Solution: 01619664 (validated)
Votes:    147/147
Wallets:  450188:147

Id:       148
Winner:   450188
Target:   01619664
Solution: 03785801 (validated)
Votes:    148/148
Wallets:  450188:148

Id:       149
Winner:   450188
Target:   03785801
Solution: 04958609 (validated)
Votes:    149/149
Wallets:  450188:149

Id:       150
Winner:   450188
Target:   04958609
Solution: 06355879 (validated)
Votes:    150/150
Wallets:  450188:150

Id:       151
Winner:   450188
Target:   06355879
Solution: 09367011 (validated)
Votes:    151/151
Wallets:  450188:151

Id:       152
Winner:   450188
Target:   09367011
Solution: 07433102 (rejected)
Votes:    152/152
Wallets:  450188:152

Id:       153
Winner:   450188
Target:   09367011
Solution: 07433102 (validated)
Votes:    153/153
Wallets:  450188:153

Id:       154
Winner:   450188
Target:   07433102
Solution: 05795602 (rejected)
Votes:    154/154
Wallets:  450188:154

Id:       155
Winner:   450188
Target:   07433102
Solution: 05795602 (validated)
Votes:    155/155
Wallets:  450188:155

Id:       156
Winner:   450188
Target:   05795602
Solution: 07733890 (validated)
Votes:    156/156
Wallets:  450188:156

Id:       157
Winner:   450188
Target:   07733890
Solution: 00055472 (validated)
Votes:    157/157
Wallets:  450188:157

Id:       158
Winner:   450188
Target:   00055472
Solution: 06603395 (validated)
Votes:    158/158
Wallets:  450188:158

Id:       159
Winner:   450188
Target:   06603395
Solution: 01641018 (validated)
Votes:    159/159
Wallets:  450188:159

Id:       160
Winner:   450188
Target:   01641018
Solution: 08220053 (validated)
Votes:    160/160
Wallets:  450188:160

Id:       161
Winner:   450188
Target:   08220053
Solution: 08010268 (validated)
Votes:    161/161
Wallets:  450188:161

Id:       162
Winner:   450188
Target:   08010268
Solution: 04432660 (validated)
Votes:    162/162
Wallets:  450188:162

Id:       163
Winner:   450188
Target:   04432660
Solution: 05154150 (validated)
Votes:    163/163
Wallets:  450188:163

Id:       164
Winner:   450188
Target:   05154150
Solution: 01466952 (validated)
Votes:    164/164
Wallets:  450188:164

Id:       165
Winner:   450188
Target:   01466952
Solution: 02160275 (validated)
Votes:    165/165
Wallets:  450188:165

Id:       166
Winner:   450188
Target:   02160275
Solution: 03939255 (validated)
Votes:    166/166
Wallets:  450188:166

Id:       167
Winner:   450188
Target:   03939255
Solution: 05288703 (validated)
Votes:    167/167
Wallets:  450188:167

Id:       168
Winner:   450188
Target:   05288703
Solution: 03616843 (validated)
Votes:    168/168
Wallets:  450188:168

Id:       169
Winner:   450188
Target:   03616843
Solution: 03077665 (validated)
Votes:    169/169
Wallets:  450188:169

Id:       170
Winner:   450188
Target:   03077665
Solution: 01446409 (validated)
Votes:    170/170
Wallets:  450188:170

Id:       171
Winner:   450188
Target:   01446409
Solution: 00217582 (rejected)
Votes:    171/171
Wallets:  450188:171

Id:       172
Winner:   450188
Target:   01446409
Solution: 00217582 (validated)
Votes:    172/172
Wallets:  450188:172

Id:       173
Winner:   450188
Target:   00217582
Solution: 00525474 (validated)
Votes:    173/173
Wallets:  450188:173

Id:       174
Winner:   450188
Target:   00525474
Solution: 09115104 (validated)
Votes:    174/174
Wallets:  450188:174

Id:       175
Winner:   450188
Target:   09115104
Solution: 01212917 (validated)
Votes:    175/175
Wallets:  450188:175

Id:       176
Winner:   450188
Target:   01212917
Solution: 09841624 (rejected)
Votes:    176/176
Wallets:  450188:176

Id:       177
Winner:   450188
Target:   01212917
Solution: 09841624 (validated)
Votes:    177/177
Wallets:  450188:177

Id:       178
Winner:   450188
Target:   09841624
Solution: 00466384 (validated)
Votes:    178/178
Wallets:  450188:178

Id:       179
Winner:   450188
Target:   00466384
Solution: 06291913 (validated)
Votes:    179/179
Wallets:  450188:179

Id:       180
Winner:   450188
Target:   06291913
Solution: 02202477 (rejected)
Votes:    180/180
Wallets:  450188:180

Id:       181
Winner:   450188
Target:   06291913
Solution: 02202477 (validated)
Votes:    181/181
Wallets:  450188:181

Id:       182
Winner:   450188
Target:   02202477
Solution: 01699320 (validated)
Votes:    182/182
Wallets:  450188:182

Id:       183
Winner:   450188
Target:   01699320
Solution: 03148884 (validated)
Votes:    183/183
Wallets:  450188:183

Id:       184
Winner:   450188
Target:   03148884
Solution: 01849788 (validated)
Votes:    184/184
Wallets:  450188:184

Id:       185
Winner:   450188
Target:   01849788
Solution: 03760653 (validated)
Votes:    185/185
Wallets:  450188:185

Id:       186
Winner:   450188
Target:   03760653
Solution: 04129997 (rejected)
Votes:    186/186
Wallets:  450188:186

Id:       187
Winner:   450188
Target:   03760653
Solution: 04129997 (validated)
Votes:    187/187
Wallets:  450188:187

Id:       188
Winner:   450188
Target:   04129997
Solution: 05355791 (validated)
Votes:    188/188
Wallets:  450188:188

Id:       189
Winner:   450188
Target:   05355791
Solution: 04198971 (validated)
Votes:    189/189
Wallets:  450188:189

Id:       190
Winner:   450188
Target:   04198971
Solution: 02806905 (validated)
Votes:    190/190
Wallets:  450188:190

Id:       191
Winner:   450188
Target:   02806905
Solution: 00115132 (validated)
Votes:    191/191
Wallets:  450188:191

Id:       192
Winner:   450188
Target:   00115132
Solution: 04631779 (validated)
Votes:    192/192
Wallets:  450188:192

Id:       193
Winner:   450188
Target:   04631779
Solution: 07842826 (validated)
Votes:    193/193
Wallets:  450188:193

Id:       194
Winner:   450188
Target:   07842826
Solution: 02006926 (validated)
Votes:    194/194
Wallets:  450188:194

Id:       195
Winner:   450188
Target:   02006926
Solution: 07198561 (validated)
Votes:    195/195
Wallets:  450188:195

Id:       196
Winner:   450188
Target:   07198561
Solution: 01459546 (validated)
Votes:    196/196
Wallets:  450188:196

Id:       197
Winner:   450188
Target:   01459546
Solution: 02262919 (validated)
Votes:    197/197
Wallets:  450188:197

Id:       198
Winner:   450188
Target:   02262919
Solution: 05988713 (validated)
Votes:    198/198
Wallets:  450188:198

Id:       199
Winner:   450188
Target:   05988713
Solution: 01185810 (validated)
Votes:    199/199
Wallets:  450188:199

Id:       200
Winner:   450188
Target:   01185810
Solution: 00603003 (validated)
Votes:    200/200
Wallets:  450188:200

Id:       201
Winner:   450188
Target:   00603003
Solution: 04322835 (validated)
Votes:    201/201
Wallets:  450188:201

Id:       202
Winner:   450188
Target:   04322835
Solution: 09470665 (validated)
Votes:    202/202
Wallets:  450188:202

Id:       203
Winner:   450188
Target:   09470665
Solution: 07827028 (validated)
Votes:    203/203
Wallets:  450188:203

Id:       204
Winner:   450188
Target:   07827028
Solution: 00403453 (validated)
Votes:    204/204
Wallets:  450188:204

Id:       205
Winner:   450188
Target:   00403453
Solution: 05943759 (validated)
Votes:    205/205
Wallets:  450188:205

Id:       206
Winner:   450188
Target:   05943759
Solution: 07421927 (validated)
Votes:    206/206
Wallets:  450188:206

Id:       207
Winner:   450188
Target:   07421927
Solution: 07978101 (validated)
Votes:    207/207
Wallets:  450188:207

Id:       208
Winner:   450188
Target:   07978101
Solution: 04082013 (validated)
Votes:    208/208
Wallets:  450188:208

Id:       209
Winner:   450188
Target:   04082013
Solution: 06560807 (rejected)
Votes:    209/209
Wallets:  450188:209

Id:       210
Winner:   450188
Target:   04082013
Solution: 06560807 (validated)
Votes:    210/210
Wallets:  450188:210

Id:       211
Winner:   450188
Target:   06560807
Solution: 05444140 (validated)
Votes:    211/211
Wallets:  450188:211

Id:       212
Winner:   450188
Target:   05444140
Solution: 08892653 (rejected)
Votes:    212/212
Wallets:  450188:212

Id:       213
Winner:   450188
Target:   05444140
Solution: 08892653 (validated)
Votes:    213/213
Wallets:  450188:213

Id:       214
Winner:   450188
Target:   08892653
Solution: 08834510 (rejected)
Votes:    214/214
Wallets:  450188:214

Id:       215
Winner:   450188
Target:   08892653
Solution: 08834510 (validated)
Votes:    215/215
Wallets:  450188:215

Id:       216
Winner:   450188
Target:   08834510
Solution: 02202147 (validated)
Votes:    216/216
Wallets:  450188:216

Id:       217
Winner:   450188
Target:   02202147
Solution: 01844288 (validated)
Votes:    217/217
Wallets:  450188:217

Id:       218
Winner:   450188
Target:   01844288
Solution: 09509352 (validated)
Votes:    218/218
Wallets:  450188:218

Id:       219
Winner:   450188
Target:   09509352
Solution: 00163130 (validated)
Votes:    219/219
Wallets:  450188:219

Id:       220
Winner:   450188
Target:   00163130
Solution: 00572784 (validated)
Votes:    220/220
Wallets:  450188:220

Id:       221
Winner:   450188
Target:   00572784
Solution: 01056306 (validated)
Votes:    221/221
Wallets:  450188:221

Id:       222
Winner:   450188
Target:   01056306
Solution: 08232338 (validated)
Votes:    222/222
Wallets:  450188:222

Id:       223
Winner:   450188
Target:   08232338
Solution: 08066794 (validated)
Votes:    223/223
Wallets:  450188:223

Id:       224
Winner:   450188
Target:   08066794
Solution: 05776748 (validated)
Votes:    224/224
Wallets:  450188:224

Id:       225
Winner:   450188
Target:   05776748
Solution: 00686593 (validated)
Votes:    225/225
Wallets:  450188:225

Id:       226
Winner:   450188
Target:   00686593
Solution: 01533579 (validated)
Votes:    226/226
Wallets:  450188:226

Id:       227
Winner:   450188
Target:   01533579
Solution: 08882945 (rejected)
Votes:    227/227
Wallets:  450188:227

Id:       228
Winner:   450188
Target:   01533579
Solution: 08882945 (validated)
Votes:    228/228
Wallets:  450188:228

Id:       229
Winner:   450188
Target:   08882945
Solution: 05464600 (validated)
Votes:    229/229
Wallets:  450188:229

Id:       230
Winner:   450188
Target:   05464600
Solution: 09902334 (validated)
Votes:    230/230
Wallets:  450188:230

Id:       231
Winner:   450188
Target:   09902334
Solution: 04395677 (validated)
Votes:    231/231
Wallets:  450188:231

Id:       232
Winner:   450188
Target:   04395677
Solution: 06797973 (validated)
Votes:    232/232
Wallets:  450188:232

Id:       233
Winner:   450188
Target:   06797973
Solution: 09535923 (validated)
Votes:    233/233
Wallets:  450188:233

Id:       234
Winner:   450188
Target:   09535923
Solution: 00124254 (validated)
Votes:    234/234
Wallets:  450188:234

Id:       235
Winner:   450188
Target:   00124254
Solution: 01775762 (validated)
Votes:    235/235
Wallets:  450188:235

Id:       236
Winner:   450188
Target:   01775762
Solution: 00712486 (validated)
Votes:    236/236
Wallets:  450188:236

Id:       237
Winner:   450188
Target:   00712486
Solution: 06882283 (validated)
Votes:    237/237
Wallets:  450188:237

Id:       238
Winner:   450188
Target:   06882283
Solution: 02794847 (validated)
Votes:    238/238
Wallets:  450188:238

Id:       239
Winner:   450188
Target:   02794847
Solution: 00201254 (validated)
Votes:    239/239
Wallets:  450188:239

Id:       240
Winner:   450188
Target:   00201254
Solution: 01275552 (validated)
Votes:    240/240
Wallets:  450188:240

Id:       241
Winner:   450188
Target:   01275552
Solution: 06260139 (validated)
Votes:    241/241
Wallets:  450188:241

Id:       242
Winner:   450188
Target:   06260139
Solution: 03860502 (validated)
Votes:    242/242
Wallets:  450188:242

Id:       243
Winner:   450188
Target:   03860502
Solution: 06801369 (validated)
Votes:    243/243
Wallets:  450188:243

Id:       244
Winner:   450188
Target:   06801369
Solution: 04226768 (validated)
Votes:    244/244
Wallets:  450188:244

Id:       245
Winner:   450188
Target:   04226768
Solution: 09924648 (validated)
Votes:    245/245
Wallets:  450188:245

Id:       246
Winner:   450188
Target:   09924648
Solution: 00228270 (validated)
Votes:    246/246
Wallets:  450188:246

Id:       247
Winner:   450188
Target:   00228270
Solution: 04070794 (validated)
Votes:    247/247
Wallets:  450188:247

Id:       248
Winner:   450188
Target:   04070794
Solution: 03430530 (validated)
Votes:    248/248
Wallets:  450188:248

Id:       249
Winner:   450188
Target:   03430530
Solution: 00640786 (validated)
Votes:    249/249
Wallets:  450188:249

Id:       250
Winner:   450188
Target:   00640786
Solution: 03842377 (validated)
Votes:    250/250
Wallets:  450188:250

Id:       251
Winner:   450188
Target:   03842377
Solution: 03251127 (validated)
Votes:    251/251
Wallets:  450188:251

Id:       252
Winner:   450188
Target:   03251127
Solution: 06377904 (validated)
Votes:    252/252
Wallets:  450188:252

Id:       253
Winner:   450188
Target:   06377904
Solution: 04841824 (validated)
Votes:    253/253
Wallets:  450188:253

Id:       254
Winner:   450188
Target:   04841824
Solution: 05549967 (validated)
Votes:    254/254
Wallets:  450188:254

Id:       255
Winner:   450188
Target:   05549967
Solution: 02636329 (validated)
Votes:    255/255
Wallets:  450188:255

Id:       256
Winner:   450188
Target:   02636329
Solution: 01005102 (rejected)
Votes:    256/256
Wallets:  450188:256

Id:       257
Winner:   450188
Target:   02636329
Solution: 01005102 (validated)
Votes:    257/257
Wallets:  450188:257

Id:       258
Winner:   450188
Target:   01005102
Solution: 06004522 (validated)
Votes:    258/258
Wallets:  450188:258

Id:       259
Winner:   450188
Target:   06004522
Solution: 04117477 (validated)
Votes:    259/259
Wallets:  450188:259

Id:       260
Winner:   450188
Target:   04117477
Solution: 09643947 (validated)
Votes:    260/260
Wallets:  450188:260

Id:       261
Winner:   450188
Target:   09643947
Solution: 03748781 (validated)
Votes:    261/261
Wallets:  450188:261

Id:       262
Winner:   450188
Target:   03748781
Solution: 04861515 (validated)
Votes:    262/262
Wallets:  450188:262

Id:       263
Winner:   450188
Target:   04861515
Solution: 05503849 (validated)
Votes:    263/263
Wallets:  450188:263

Id:       264
Winner:   450188
Target:   05503849
Solution: 01930959 (validated)
Votes:    264/264
Wallets:  450188:264

Id:       265
Winner:   450188
Target:   01930959
Solution: 00640438 (validated)
Votes:    265/265
Wallets:  450188:265

Id:       266
Winner:   450188
Target:   00640438
Solution: 09084989 (validated)
Votes:    266/266
Wallets:  450188:266

Id:       267
Winner:   450188
Target:   09084989
Solution: 09594977 (validated)
Votes:    267/267
Wallets:  450188:267

Id:       268
Winner:   450188
Target:   09594977
Solution: 03145036 (validated)
Votes:    268/268
Wallets:  450188:268

Id:       269
Winner:   450188
Target:   03145036
Solution: 00752966 (validated)
Votes:    269/269
Wallets:  450188:269

Id:       270
Winner:   450188
Target:   00752966
Solution: 05762370 (validated)
Votes:    270/270
Wallets:  450188:270

Id:       271
Winner:   450188
Target:   05762370
Solution: 02397805 (validated)
Votes:    271/271
Wallets:  450188:271

Id:       272
Winner:   450188
Target:   02397805
Solution: 03811463 (rejected)
Votes:    272/272
Wallets:  450188:272

Id:       273
Winner:   450188
Target:   02397805
Solution: 03811463 (validated)
Votes:    273/273
Wallets:  450188:273

Id:       274
Winner:   450188
Target:   03811463
Solution: 02410633 (validated)
Votes:    274/274
Wallets:  450188:274

Id:       275
Winner:   450188
Target:   02410633
Solution: 06719648 (validated)
Votes:    275/275
Wallets:  450188:275

Id:       276
Winner:   450188
Target:   06719648
Solution: 00923465 (validated)
Votes:    276/276
Wallets:  450188:276

Id:       277
Winner:   450188
Target:   00923465
Solution: 05572739 (validated)
Votes:    277/277
Wallets:  450188:277

Id:       278
Winner:   450188
Target:   05572739
Solution: 06508250 (validated)
Votes:    278/278
Wallets:  450188:278

Id:       279
Winner:   450188
Target:   06508250
Solution: 09809311 (validated)
Votes:    279/279
Wallets:  450188:279

Id:       280
Winner:   450188
Target:   09809311
Solution: 07026782 (validated)
Votes:    280/280
Wallets:  450188:280

Id:       281
Winner:   450188
Target:   07026782
Solution: 09785490 (validated)
Votes:    281/281
Wallets:  450188:281

Id:       282
Winner:   450188
Target:   09785490
Solution: 09190157 (validated)
Votes:    282/282
Wallets:  450188:282

Id:       283
Winner:   450188
Target:   09190157
Solution: 05567097 (validated)
Votes:    283/283
Wallets:  450188:283

Id:       284
Winner:   450188
Target:   05567097
Solution: 06926632 (validated)
Votes:    284/284
Wallets:  450188:284

Id:       285
Winner:   450188
Target:   06926632
Solution: 03489636 (validated)
Votes:    285/285
Wallets:  450188:285

Id:       286
Winner:   450188
Target:   03489636
Solution: 04487014 (validated)
Votes:    286/286
Wallets:  450188:286

Id:       287
Winner:   450188
Target:   04487014
Solution: 05089299 (validated)
Votes:    287/287
Wallets:  450188:287

Id:       288
Winner:   450188
Target:   05089299
Solution: 08324419 (validated)
Votes:    288/288
Wallets:  450188:288

Id:       289
Winner:   450188
Target:   08324419
Solution: 08939704 (validated)
Votes:    289/289
Wallets:  450188:289

Id:       290
Winner:   450188
Target:   08939704
Solution: 08584687 (validated)
Votes:    290/290
Wallets:  450188:290

Id:       291
Winner:   450188
Target:   08584687
Solution: 06760743 (validated)
Votes:    291/291
Wallets:  450188:291

Id:       292
Winner:   450188
Target:   06760743
Solution: 02260029 (validated)
Votes:    292/292
Wallets:  450188:292

Id:       293
Winner:   450188
Target:   02260029
Solution: 02410913 (validated)
Votes:    293/293
Wallets:  450188:293

Id:       294
Winner:   450188
Target:   02410913
Solution: 09626250 (validated)
Votes:    294/294
Wallets:  450188:294

Id:       295
Winner:   450188
Target:   09626250
Solution: 00071112 (validated)
Votes:    295/295
Wallets:  450188:295

Id:       296
Winner:   450188
Target:   00071112
Solution: 01853514 (rejected)
Votes:    296/296
Wallets:  450188:296

Id:       297
Winner:   450188
Target:   00071112
Solution: 01853514 (validated)
Votes:    297/297
Wallets:  450188:297

Id:       298
Winner:   450188
Target:   01853514
Solution: 08304227 (validated)
Votes:    298/298
Wallets:  450188:298

Id:       299
Winner:   450188
Target:   08304227
Solution: 07569923 (validated)
Votes:    299/299
Wallets:  450188:299

Id:       300
Winner:   450188
Target:   07569923
Solution: 05494957 (validated)
Votes:    300/300
Wallets:  450188:300

Id:       301
Winner:   450188
Target:   05494957
Solution: 00747451 (rejected)
Votes:    301/301
Wallets:  450188:301

Id:       302
Winner:   450188
Target:   05494957
Solution: 00747451 (validated)
Votes:    302/302
Wallets:  450188:302

Id:       303
Winner:   450188
Target:   00747451
Solution: 02428843 (validated)
Votes:    303/303
Wallets:  450188:303

Id:       304
Winner:   450188
Target:   02428843
Solution: 05082221 (validated)
Votes:    304/304
Wallets:  450188:304

Id:       305
Winner:   450188
Target:   05082221
Solution: 04405079 (validated)
Votes:    305/305
Wallets:  450188:305

Id:       306
Winner:   450188
Target:   04405079
Solution: 06848558 (validated)
Votes:    306/306
Wallets:  450188:306

Id:       307
Winner:   450188
Target:   06848558
Solution: 01553230 (validated)
Votes:    307/307
Wallets:  450188:307

Id:       308
Winner:   450188
Target:   01553230
Solution: 01280386 (validated)
Votes:    308/308
Wallets:  450188:308

Id:       309
Winner:   450188
Target:   01280386
Solution: 09165722 (validated)
Votes:    309/309
Wallets:  450188:309

Id:       310
Winner:   450188
Target:   09165722
Solution: 07212503 (validated)
Votes:    310/310
Wallets:  450188:310

Id:       311
Winner:   450188
Target:   07212503
Solution: 04363091 (validated)
Votes:    311/311
Wallets:  450188:311

Id:       312
Winner:   450188
Target:   04363091
Solution: 04025931 (validated)
Votes:    312/312
Wallets:  450188:312

Id:       313
Winner:   450188
Target:   04025931
Solution: 06112329 (validated)
Votes:    313/313
Wallets:  450188:313

Id:       314
Winner:   450188
Target:   06112329
Solution: 06989042 (validated)
Votes:    314/314
Wallets:  450188:314

Id:       315
Winner:   450188
Target:   06989042
Solution: 03642519 (validated)
Votes:    315/315
Wallets:  450188:315

Id:       316
Winner:   450188
Target:   03642519
Solution: 07673407 (validated)
Votes:    316/316
Wallets:  450188:316

Id:       317
Winner:   450188
Target:   07673407
Solution: 06266524 (validated)
Votes:    317/317
Wallets:  450188:317

Id:       318
Winner:   450188
Target:   06266524
Solution: 04085196 (validated)
Votes:    318/318
Wallets:  450188:318

Id:       319
Winner:   450188
Target:   04085196
Solution: 08252722 (validated)
Votes:    319/319
Wallets:  450188:319

Id:       320
Winner:   450188
Target:   08252722
Solution: 01717625 (validated)
Votes:    320/320
Wallets:  450188:320

Id:       321
Winner:   450188
Target:   01717625
Solution: 05711171 (rejected)
Votes:    321/321
Wallets:  450188:321

Id:       322
Winner:   450188
Target:   01717625
Solution: 05711171 (validated)
Votes:    322/322
Wallets:  450188:322

Id:       323
Winner:   450188
Target:   05711171
Solution: 09862529 (validated)
Votes:    323/323
Wallets:  450188:323

Id:       324
Winner:   450188
Target:   09862529
Solution: 04310183 (validated)
Votes:    324/324
Wallets:  450188:324

Id:       325
Winner:   450188
Target:   04310183
Solution: 07818190 (validated)
Votes:    325/325
Wallets:  450188:325

Id:       326
Winner:   450188
Target:   07818190
Solution: 03922407 (validated)
Votes:    326/326
Wallets:  450188:326

Id:       327
Winner:   450188
Target:   03922407
Solution: 07782018 (validated)
Votes:    327/327
Wallets:  450188:327

Id:       328
Winner:   450188
Target:   07782018
Solution: 08057789 (validated)
Votes:    328/328
Wallets:  450188:328

Id:       329
Winner:   450188
Target:   08057789
Solution: 05491170 (validated)
Votes:    329/329
Wallets:  450188:329

Id:       330
Winner:   450188
Target:   05491170
Solution: 07924950 (rejected)
Votes:    330/330
Wallets:  450188:330

Id:       331
Winner:   450188
Target:   05491170
Solution: 07924950 (validated)
Votes:    331/331
Wallets:  450188:331

Id:       332
Winner:   450188
Target:   07924950
Solution: 06708587 (validated)
Votes:    332/332
Wallets:  450188:332

Id:       333
Winner:   450188
Target:   06708587
Solution: 04146542 (validated)
Votes:    333/333
Wallets:  450188:333

Id:       334
Winner:   450188
Target:   04146542
Solution: 05358675 (validated)
Votes:    334/334
Wallets:  450188:334

Id:       335
Winner:   450188
Target:   05358675
Solution: 06143420 (validated)
Votes:    335/335
Wallets:  450188:335

Id:       336
Winner:   450188
Target:   06143420
Solution: 01026057 (validated)
Votes:    336/336
Wallets:  450188:336

Id:       337
Winner:   450188
Target:   01026057
Solution: 06796751 (validated)
Votes:    337/337
Wallets:  450188:337

Id:       338
Winner:   450188
Target:   06796751
Solution: 00135639 (validated)
Votes:    338/338
Wallets:  450188:338

Id:       339
Winner:   450188
Target:   00135639
Solution: 06772063 (validated)
Votes:    339/339
Wallets:  450188:339

Id:       340
Winner:   450188
Target:   06772063
Solution: 01225674 (validated)
Votes:    340/340
Wallets:  450188:340

Id:       341
Winner:   450188
Target:   01225674
Solution: 05085802 (rejected)
Votes:    341/341
Wallets:  450188:341

Id:       342
Winner:   450188
Target:   01225674
Solution: 05085802 (validated)
Votes:    342/342
Wallets:  450188:342

Id:       343
Winner:   450188
Target:   05085802
Solution: 07800509 (validated)
Votes:    343/343
Wallets:  450188:343

Id:       344
Winner:   450188
Target:   07800509
Solution: 01267775 (validated)
Votes:    344/344
Wallets:  450188:344

Id:       345
Winner:   450188
Target:   01267775
Solution: 07010499 (validated)
Votes:    345/345
Wallets:  450188:345

Id:       346
Winner:   450188
Target:   07010499
Solution: 07789155 (validated)
Votes:    346/346
Wallets:  450188:346

Id:       347
Winner:   450188
Target:   07789155
Solution: 06376737 (validated)
Votes:    347/347
Wallets:  450188:347

Id:       348
Winner:   450188
Target:   06376737
Solution: 02082510 (validated)
Votes:    348/348
Wallets:  450188:348

Id:       349
Winner:   450188
Target:   02082510
Solution: 01140001 (validated)
Votes:    349/349
Wallets:  450188:349

Id:       350
Winner:   450188
Target:   01140001
Solution: 09032482 (rejected)
Votes:    350/350
Wallets:  450188:350

Id:       351
Winner:   450188
Target:   01140001
Solution: 09032482 (validated)
Votes:    351/351
Wallets:  450188:351

Id:       352
Winner:   450188
Target:   09032482
Solution: 00910881 (validated)
Votes:    352/352
Wallets:  450188:352

Id:       353
Winner:   450188
Target:   00910881
Solution: 05768747 (validated)
Votes:    353/353
Wallets:  450188:353

Id:       354
Winner:   450188
Target:   05768747
Solution: 07109829 (validated)
Votes:    354/354
Wallets:  450188:354

Id:       355
Winner:   450188
Target:   07109829
Solution: 04144575 (validated)
Votes:    355/355
Wallets:  450188:355

Id:       356
Winner:   450188
Target:   04144575
Solution: 01435996 (validated)
Votes:    356/356
Wallets:  450188:356

Id:       357
Winner:   450188
Target:   01435996
Solution: 09881718 (validated)
Votes:    357/357
Wallets:  450188:357

Id:       358
Winner:   450188
Target:   09881718
Solution: 00909658 (validated)
Votes:    358/358
Wallets:  450188:358

Id:       359
Winner:   450188
Target:   00909658
Solution: 04427652 (validated)
Votes:    359/359
Wallets:  450188:359

Id:       360
Winner:   450188
Target:   04427652
Solution: 04869873 (validated)
Votes:    360/360
Wallets:  450188:360

Id:       361
Winner:   450188
Target:   04869873
Solution: 01286876 (validated)
Votes:    361/361
Wallets:  450188:361

Id:       362
Winner:   450188
Target:   01286876
Solution: 02982119 (rejected)
Votes:    362/362
Wallets:  450188:362

Id:       363
Winner:   450188
Target:   01286876
Solution: 02982119 (validated)
Votes:    363/363
Wallets:  450188:363

Id:       364
Winner:   450188
Target:   02982119
Solution: 02095663 (rejected)
Votes:    364/364
Wallets:  450188:364

Id:       365
Winner:   450188
Target:   02982119
Solution: 02095663 (validated)
Votes:    365/365
Wallets:  450188:365

Id:       366
Winner:   450188
Target:   02095663
Solution: 04208375 (validated)
Votes:    366/366
Wallets:  450188:366

Id:       367
Winner:   450188
Target:   04208375
Solution: 06734506 (validated)
Votes:    367/367
Wallets:  450188:367

Id:       368
Winner:   450188
Target:   06734506
Solution: 09907969 (validated)
Votes:    368/368
Wallets:  450188:368

Id:       369
Winner:   450188
Target:   09907969
Solution: 00405436 (rejected)
Votes:    369/369
Wallets:  450188:369

Id:       370
Winner:   450188
Target:   09907969
Solution: 00405436 (validated)
Votes:    370/370
Wallets:  450188:370

Id:       371
Winner:   450188
Target:   00405436
Solution: 00891778 (validated)
Votes:    371/371
Wallets:  450188:371

Id:       372
Winner:   450188
Target:   00891778
Solution: 05920111 (validated)
Votes:    372/372
Wallets:  450188:372

Id:       373
Winner:   450188
Target:   05920111
Solution: 05025488 (validated)
Votes:    373/373
Wallets:  450188:373

Id:       374
Winner:   450188
Target:   05025488
Solution: 01697715 (validated)
Votes:    374/374
Wallets:  450188:374

Id:       375
Winner:   450188
Target:   01697715
Solution: 01127311 (rejected)
Votes:    375/375
Wallets:  450188:375

Id:       376
Winner:   450188
Target:   01697715
Solution: 01127311 (validated)
Votes:    376/376
Wallets:  450188:376

Id:       377
Winner:   450188
Target:   01127311
Solution: 03700582 (validated)
Votes:    377/377
Wallets:  450188:377

Id:       378
Winner:   450188
Target:   03700582
Solution: 09190585 (validated)
Votes:    378/378
Wallets:  450188:378

Id:       379
Winner:   450188
Target:   09190585
Solution: 05439670 (validated)
Votes:    379/379
Wallets:  450188:379

Id:       380
Winner:   450188
Target:   05439670
Solution: 01767495 (validated)
Votes:    380/380
Wallets:  450188:380

Id:       381
Winner:   450188
Target:   01767495
Solution: 01375141 (validated)
Votes:    381/381
Wallets:  450188:381

Id:       382
Winner:   450188
Target:   01375141
Solution: 04804281 (rejected)
Votes:    382/382
Wallets:  450188:382

Id:       383
Winner:   450188
Target:   01375141
Solution: 04804281 (validated)
Votes:    383/383
Wallets:  450188:383

Id:       384
Winner:   450188
Target:   04804281
Solution: 01380586 (rejected)
Votes:    384/384
Wallets:  450188:384

Id:       385
Winner:   450188
Target:   04804281
Solution: 01380586 (validated)
Votes:    385/385
Wallets:  450188:385

Id:       386
Winner:   450188
Target:   01380586
Solution: 02412309 (validated)
Votes:    386/386
Wallets:  450188:386

Id:       387
Winner:   450188
Target:   02412309
Solution: 06407531 (validated)
Votes:    387/387
Wallets:  450188:387

Id:       388
Winner:   450188
Target:   06407531
Solution: 00249075 (validated)
Votes:    388/388
Wallets:  450188:388

Id:       389
Winner:   450188
Target:   00249075
Solution: 04020036 (validated)
Votes:    389/389
Wallets:  450188:389

Id:       390
Winner:   450188
Target:   04020036
Solution: 05975340 (rejected)
Votes:    390/390
Wallets:  450188:390

Id:       391
Winner:   450188
Target:   04020036
Solution: 05975340 (validated)
Votes:    391/391
Wallets:  450188:391

Id:       392
Winner:   450188
Target:   05975340
Solution: 01546647 (rejected)
Votes:    392/392
Wallets:  450188:392

Id:       393
Winner:   450188
Target:   05975340
Solution: 01546647 (validated)
Votes:    393/393
Wallets:  450188:393

Id:       394
Winner:   450188
Target:   01546647
Solution: 07141291 (validated)
Votes:    394/394
Wallets:  450188:394

Id:       395
Winner:   450188
Target:   07141291
Solution: 07531571 (validated)
Votes:    395/395
Wallets:  450188:395

Id:       396
Winner:   450188
Target:   07531571
Solution: 02711033 (validated)
Votes:    396/396
Wallets:  450188:396

Id:       397
Winner:   450188
Target:   02711033
Solution: 08663386 (validated)
Votes:    397/397
Wallets:  450188:397

Id:       398
Winner:   450188
Target:   08663386
Solution: 00545615 (validated)
Votes:    398/398
Wallets:  450188:398

Id:       399
Winner:   450188
Target:   00545615
Solution: 01600250 (validated)
Votes:    399/399
Wallets:  450188:399

Id:       400
Winner:   450188
Target:   01600250
Solution: 00922997 (validated)
Votes:    400/400
Wallets:  450188:400

Id:       401
Winner:   450188
Target:   00922997
Solution: 08141422 (validated)
Votes:    401/401
Wallets:  450188:401

Id:       402
Winner:   450188
Target:   08141422
Solution: 06076182 (validated)
Votes:    402/402
Wallets:  450188:402

Id:       403
Winner:   450188
Target:   06076182
Solution: 09598639 (validated)
Votes:    403/403
Wallets:  450188:403

Id:       404
Winner:   450188
Target:   09598639
Solution: 03596462 (validated)
Votes:    404/404
Wallets:  450188:404

Id:       405
Winner:   450188
Target:   03596462
Solution: 05244661 (validated)
Votes:    405/405
Wallets:  450188:405

Id:       406
Winner:   450188
Target:   05244661
Solution: 08179887 (rejected)
Votes:    406/406
Wallets:  450188:406

Id:       407
Winner:   450188
Target:   05244661
Solution: 08179887 (validated)
Votes:    407/407
Wallets:  450188:407

Id:       408
Winner:   450188
Target:   08179887
Solution: 07962176 (validated)
Votes:    408/408
Wallets:  450188:408

Id:       409
Winner:   450188
Target:   07962176
Solution: 06230449 (validated)
Votes:    409/409
Wallets:  450188:409

Id:       410
Winner:   450188
Target:   06230449
Solution: 06299611 (validated)
Votes:    410/410
Wallets:  450188:410

Id:       411
Winner:   450188
Target:   06299611
Solution: 08273137 (validated)
Votes:    411/411
Wallets:  450188:411

Id:       412
Winner:   450188
Target:   08273137
Solution: 05473719 (rejected)
Votes:    412/412
Wallets:  450188:412

Id:       413
Winner:   450188
Target:   08273137
Solution: 05473719 (validated)
Votes:    413/413
Wallets:  450188:413

Id:       414
Winner:   450188
Target:   05473719
Solution: 01230793 (validated)
Votes:    414/414
Wallets:  450188:414

Id:       415
Winner:   450188
Target:   01230793
Solution: 00595133 (rejected)
Votes:    415/415
Wallets:  450188:415

Id:       416
Winner:   450188
Target:   01230793
Solution: 00595133 (validated)
Votes:    416/416
Wallets:  450188:416

Id:       417
Winner:   450188
Target:   00595133
Solution: 04750497 (validated)
Votes:    417/417
Wallets:  450188:417

Id:       418
Winner:   450188
Target:   04750497
Solution: 06648327 (validated)
Votes:    418/418
Wallets:  450188:418

Id:       419
Winner:   450188
Target:   06648327
Solution: 02746210 (validated)
Votes:    419/419
Wallets:  450188:419

Id:       420
Winner:   450188
Target:   02746210
Solution: 05268065 (validated)
Votes:    420/420
Wallets:  450188:420

Id:       421
Winner:   450188
Target:   05268065
Solution: 07472133 (validated)
Votes:    421/421
Wallets:  450188:421

Id:       422
Winner:   450188
Target:   07472133
Solution: 05130454 (validated)
Votes:    422/422
Wallets:  450188:422

Id:       423
Winner:   450188
Target:   05130454
Solution: 05999099 (validated)
Votes:    423/423
Wallets:  450188:423

Id:       424
Winner:   450188
Target:   05999099
Solution: 09165837 (rejected)
Votes:    424/424
Wallets:  450188:424

Id:       425
Winner:   450188
Target:   05999099
Solution: 09165837 (validated)
Votes:    425/425
Wallets:  450188:425

Id:       426
Winner:   450188
Target:   09165837
Solution: 00193892 (validated)
Votes:    426/426
Wallets:  450188:426

Id:       427
Winner:   450188
Target:   00193892
Solution: 06690972 (validated)
Votes:    427/427
Wallets:  450188:427

Id:       428
Winner:   450188
Target:   06690972
Solution: 09461074 (validated)
Votes:    428/428
Wallets:  450188:428

Id:       429
Winner:   450188
Target:   09461074
Solution: 01315523 (validated)
Votes:    429/429
Wallets:  450188:429

Id:       430
Winner:   450188
Target:   01315523
Solution: 08211657 (validated)
Votes:    430/430
Wallets:  450188:430

Id:       431
Winner:   450188
Target:   08211657
Solution: 08547816 (validated)
Votes:    431/431
Wallets:  450188:431

Id:       432
Winner:   450188
Target:   08547816
Solution: 05568128 (rejected)
Votes:    432/432
Wallets:  450188:432

Id:       433
Winner:   450188
Target:   08547816
Solution: 05568128 (validated)
Votes:    433/433
Wallets:  450188:433

Id:       434
Winner:   450188
Target:   05568128
Solution: 05988980 (validated)
Votes:    434/434
Wallets:  450188:434

Id:       435
Winner:   450188
Target:   05988980
Solution: 08884899 (validated)
Votes:    435/435
Wallets:  450188:435

Id:       436
Winner:   450188
Target:   08884899
Solution: 04182069 (validated)
Votes:    436/436
Wallets:  450188:436

Id:       437
Winner:   450188
Target:   04182069
Solution: 00597758 (validated)
Votes:    437/437
Wallets:  450188:437

Id:       438
Winner:   450188
Target:   00597758
Solution: 04506224 (rejected)
Votes:    438/438
Wallets:  450188:438

Id:       439
Winner:   450188
Target:   00597758
Solution: 04506224 (validated)
Votes:    439/439
Wallets:  450188:439

Id:       440
Winner:   450188
Target:   04506224
Solution: 02406654 (validated)
Votes:    440/440
Wallets:  450188:440

Id:       441
Winner:   450188
Target:   02406654
Solution: 01620703 (validated)
Votes:    441/441
Wallets:  450188:441

Id:       442
Winner:   450188
Target:   01620703
Solution: 08358516 (validated)
Votes:    442/442
Wallets:  450188:442

Id:       443
Winner:   450188
Target:   08358516
Solution: 01474416 (validated)
Votes:    443/443
Wallets:  450188:443

Id:       444
Winner:   450188
Target:   01474416
Solution: 04516428 (validated)
Votes:    444/444
Wallets:  450188:444

Id:       445
Winner:   450188
Target:   04516428
Solution: 07497620 (rejected)
Votes:    445/445
Wallets:  450188:445

Id:       446
Winner:   450188
Target:   04516428
Solution: 07497620 (validated)
Votes:    446/446
Wallets:  450188:446

Id:       447
Winner:   450188
Target:   07497620
Solution: 03265276 (validated)
Votes:    447/447
Wallets:  450188:447

Id:       448
Winner:   450188
Target:   03265276
Solution: 00647028 (validated)
Votes:    448/448
Wallets:  450188:448

Id:       449
Winner:   450188
Target:   00647028
Solution: 06795943 (validated)
Votes:    449/449
Wallets:  450188:449

Id:       450
Winner:   450188
Target:   06795943
Solution: 03459604 (validated)
Votes:    450/450
Wallets:  450188:450

Id:       451
Winner:   450188
Target:   03459604
Solution: 03804389 (validated)
Votes:    451/451
Wallets:  450188:451

Id:       452
Winner:   450188
Target:   03804389
Solution: 06245325 (validated)
Votes:    452/452
Wallets:  450188:452

Id:       453
Winner:   450188
Target:   06245325
Solution: 00188774 (validated)
Votes:    453/453
Wallets:  450188:453

Id:       454
Winner:   450188
Target:   00188774
Solution: 03122452 (validated)
Votes:    454/454
Wallets:  450188:454

Id:       455
Winner:   450188
Target:   03122452
Solution: 01403457 (validated)
Votes:    455/455
Wallets:  450188:455

Id:       456
Winner:   450188
Target:   01403457
Solution: 08240279 (validated)
Votes:    456/456
Wallets:  450188:456

Id:       457
Winner:   450188
Target:   08240279
Solution: 05305442 (validated)
Votes:    457/457
Wallets:  450188:457

Id:       458
Winner:   450188
Target:   05305442
Solution: 09775490 (validated)
Votes:    458/458
Wallets:  450188:458

Id:       459
Winner:   450188
Target:   09775490
Solution: 09644640 (validated)
Votes:    459/459
Wallets:  450188:459

Id:       460
Winner:   450188
Target:   09644640
Solution: 07443427 (validated)
Votes:    460/460
Wallets:  450188:460

Id:       461
Winner:   450188
Target:   07443427
Solution: 05501308 (validated)
Votes:    461/461
Wallets:  450188:461

Id:       462
Winner:   450188
Target:   05501308
Solution: 05046752 (validated)
Votes:    462/462
Wallets:  450188:462

Id:       463
Winner:   450188
Target:   05046752
Solution: 01627096 (validated)
Votes:    463/463
Wallets:  450188:463

Id:       464
Winner:   450188
Target:   01627096
Solution: 04095880 (validated)
Votes:    464/464
Wallets:  450188:464

Id:       465
Winner:   450188
Target:   04095880
Solution: 04044010 (validated)
Votes:    465/465
Wallets:  450188:465

Id:       466
Winner:   450188
Target:   04044010
Solution: 00472779 (validated)
Votes:    466/466
Wallets:  450188:466

Id:       467
Winner:   450188
Target:   00472779
Solution: 05906293 (validated)
Votes:    467/467
Wallets:  450188:467

Id:       468
Winner:   450188
Target:   05906293
Solution: 02552207 (validated)
Votes:    468/468
Wallets:  450188:468

Id:       469
Winner:   450188
Target:   02552207
Solution: 02270893 (validated)
Votes:    469/469
Wallets:  450188:469

Id:       470
Winner:   450188
Target:   02270893
Solution: 07211943 (validated)
Votes:    470/470
Wallets:  450188:470

Id:       471
Winner:   450188
Target:   07211943
Solution: 08547584 (validated)
Votes:    471/471
Wallets:  450188:471

Id:       472
Winner:   450188
Target:   08547584
Solution: 05730637 (validated)
Votes:    472/472
Wallets:  450188:472

Id:       473
Winner:   450188
Target:   05730637
Solution: 03553082 (rejected)
Votes:    473/473
Wallets:  450188:473

Id:       474
Winner:   450188
Target:   05730637
Solution: 03553082 (validated)
Votes:    474/474
Wallets:  450188:474

Id:       475
Winner:   450188
Target:   03553082
Solution: 03397088 (validated)
Votes:    475/475
Wallets:  450188:475

Id:       476
Winner:   450188
Target:   03397088
Solution: 08121295 (rejected)
Votes:    476/476
Wallets:  450188:476

Id:       477
Winner:   450188
Target:   03397088
Solution: 08121295 (validated)
Votes:    477/477
Wallets:  450188:477

Id:       478
Winner:   450188
Target:   08121295
Solution: 00739360 (rejected)
Votes:    478/478
Wallets:  450188:478

Id:       479
Winner:   450188
Target:   08121295
Solution: 00739360 (validated)
Votes:    479/479
Wallets:  450188:479

Id:       480
Winner:   450188
Target:   00739360
Solution: 04347208 (validated)
Votes:    480/480
Wallets:  450188:480

Id:       481
Winner:   450188
Target:   04347208
Solution: 07610127 (validated)
Votes:    481/481
Wallets:  450188:481

Id:       482
Winner:   450188
Target:   07610127
Solution: 09222474 (validated)
Votes:    482/482
Wallets:  450188:482

Id:       483
Winner:   450188
Target:   09222474
Solution: 06760731 (validated)
Votes:    483/483
Wallets:  450188:483

Id:       484
Winner:   450188
Target:   06760731
Solution: 08991024 (validated)
Votes:    484/484
Wallets:  450188:484

Id:       485
Winner:   450188
Target:   08991024
Solution: 05732400 (validated)
Votes:    485/485
Wallets:  450188:485

Id:       486
Winner:   450188
Target:   05732400
Solution: 01930312 (validated)
Votes:    486/486
Wallets:  450188:486

Id:       487
Winner:   450188
Target:   01930312
Solution: 06135584 (validated)
Votes:    487/487
Wallets:  450188:487

Id:       488
Winner:   450188
Target:   06135584
Solution: 07376809 (validated)
Votes:    488/488
Wallets:  450188:488

Id:       489
Winner:   450188
Target:   07376809
Solution: 06227513 (validated)
Votes:    489/489
Wallets:  450188:489

Id:       490
Winner:   450188
Target:   06227513
Solution: 03529716 (validated)
Votes:    490/490
Wallets:  450188:490

Id:       491
Winner:   450188
Target:   03529716
Solution: 07784267 (validated)
Votes:    491/491
Wallets:  450188:491

Id:       492
Winner:   450188
Target:   07784267
Solution: 08766389 (validated)
Votes:    492/492
Wallets:  450188:492

Id:       493
Winner:   450188
Target:   08766389
Solution: 08678352 (validated)
Votes:    493/493
Wallets:  450188:493

Id:       494
Winner:   450188
Target:   08678352
Solution: 08937346 (validated)
Votes:    494/494
Wallets:  450188:494

Id:       495
Winner:   450188
Target:   08937346
Solution: 06530352 (rejected)
Votes:    495/495
Wallets:  450188:495

Id:       496
Winner:   450188
Target:   08937346
Solution: 06530352 (validated)
Votes:    496/496
Wallets:  450188:496

Id:       497
Winner:   450188
Target:   06530352
Solution: 04583785 (rejected)
Votes:    497/497
Wallets:  450188:497

Id:       498
Winner:   450188
Target:   06530352
Solution: 04583785 (validated)
Votes:    498/498
Wallets:  450188:498

Id:       499
Winner:   450188
Target:   04583785
Solution: 09658156 (validated)
Votes:    499/499
Wallets:  450188:499

Id:       500
Winner:   450188
Target:   09658156
Solution: 04353718 (validated)
Votes:    500/500
Wallets:  450188:500

Id:       501
Winner:   450188
Target:   04353718
Solution: 00205896 (validated)
Votes:    501/501
Wallets:  450188:501

Id:       502
Winner:   450188
Target:   00205896
Solution: 01902388 (validated)
Votes:    502/502
Wallets:  450188:502

Id:       503
Winner:   450188
Target:   01902388
Solution: 02769750 (validated)
Votes:    503/503
Wallets:  450188:503

Id:       504
Winner:   450188
Target:   02769750
Solution: 08257277 (validated)
Votes:    504/504
Wallets:  450188:504

Id:       505
Winner:   450188
Target:   08257277
Solution: 03655114 (validated)
Votes:    505/505
Wallets:  450188:505

Id:       506
Winner:   450188
Target:   03655114
Solution: 08805593 (validated)
Votes:    506/506
Wallets:  450188:506

Id:       507
Winner:   450188
Target:   08805593
Solution: 03453390 (validated)
Votes:    507/507
Wallets:  450188:507

Id:       508
Winner:   450188
Target:   03453390
Solution: 05140562 (validated)
Votes:    508/508
Wallets:  450188:508

Id:       509
Winner:   450188
Target:   05140562
Solution: 04951843 (validated)
Votes:    509/509
Wallets:  450188:509

Id:       510
Winner:   450188
Target:   04951843
Solution: 07389215 (validated)
Votes:    510/510
Wallets:  450188:510

Id:       511
Winner:   450188
Target:   07389215
Solution: 00898779 (rejected)
Votes:    511/511
Wallets:  450188:511

Id:       512
Winner:   450188
Target:   07389215
Solution: 00898779 (rejected)
Votes:    512/512
Wallets:  450188:512

Id:       513
Winner:   450188
Target:   07389215
Solution: 00898779 (validated)
Votes:    513/513
Wallets:  450188:513

Id:       514
Winner:   450188
Target:   00898779
Solution: 00542093 (validated)
Votes:    514/514
Wallets:  450188:514

Id:       515
Winner:   450188
Target:   00542093
Solution: 02602125 (validated)
Votes:    515/515
Wallets:  450188:515

Id:       516
Winner:   450188
Target:   02602125
Solution: 01003974 (rejected)
Votes:    516/516
Wallets:  450188:516

Id:       517
Winner:   450188
Target:   02602125
Solution: 01003974 (validated)
Votes:    517/517
Wallets:  450188:517

Id:       518
Winner:   450188
Target:   01003974
Solution: 08863141 (validated)
Votes:    518/518
Wallets:  450188:518

Id:       519
Winner:   450188
Target:   08863141
Solution: 06408648 (validated)
Votes:    519/519
Wallets:  450188:519

Id:       520
Winner:   450188
Target:   06408648
Solution: 06059959 (validated)
Votes:    520/520
Wallets:  450188:520

Id:       521
Winner:   450188
Target:   06059959
Solution: 03940420 (validated)
Votes:    521/521
Wallets:  450188:521

Id:       522
Winner:   450188
Target:   03940420
Solution: 04171001 (validated)
Votes:    522/522
Wallets:  450188:522

Id:       523
Winner:   450188
Target:   04171001
Solution: 00248976 (validated)
Votes:    523/523
Wallets:  450188:523

Id:       524
Winner:   450188
Target:   00248976
Solution: 02063987 (validated)
Votes:    524/524
Wallets:  450188:524

Id:       525
Winner:   450188
Target:   02063987
Solution: 05883941 (validated)
Votes:    525/525
Wallets:  450188:525

Id:       526
Winner:   450188
Target:   05883941
Solution: 03040189 (validated)
Votes:    526/526
Wallets:  450188:526

Id:       527
Winner:   450188
Target:   03040189
Solution: 07184700 (validated)
Votes:    527/527
Wallets:  450188:527

Id:       528
Winner:   450188
Target:   07184700
Solution: 05609694 (validated)
Votes:    528/528
Wallets:  450188:528

Id:       529
Winner:   450188
Target:   05609694
Solution: 00574688 (validated)
Votes:    529/529
Wallets:  450188:529

Id:       530
Winner:   450188
Target:   00574688
Solution: 02825345 (validated)
Votes:    530/530
Wallets:  450188:530

Id:       531
Winner:   450188
Target:   02825345
Solution: 04435877 (validated)
Votes:    531/531
Wallets:  450188:531

Id:       532
Winner:   450188
Target:   04435877
Solution: 02771458 (rejected)
Votes:    532/532
Wallets:  450188:532

Id:       533
Winner:   450188
Target:   04435877
Solution: 02771458 (validated)
Votes:    533/533
Wallets:  450188:533

Id:       534
Winner:   450188
Target:   02771458
Solution: 09991234 (validated)
Votes:    534/534
Wallets:  450188:534

Id:       535
Winner:   450188
Target:   09991234
Solution: 07453688 (validated)
Votes:    535/535
Wallets:  450188:535

Id:       536
Winner:   450188
Target:   07453688
Solution: 01114866 (validated)
Votes:    536/536
Wallets:  450188:536

Id:       537
Winner:   450188
Target:   01114866
Solution: 03411383 (validated)
Votes:    537/537
Wallets:  450188:537

Id:       538
Winner:   450188
Target:   03411383
Solution: 05477071 (validated)
Votes:    538/538
Wallets:  450188:538

Id:       539
Winner:   450188
Target:   05477071
Solution: 00606559 (validated)
Votes:    539/539
Wallets:  450188:539

Id:       540
Winner:   450188
Target:   00606559
Solution: 09244050 (validated)
Votes:    540/540
Wallets:  450188:540

Id:       541
Winner:   450188
Target:   09244050
Solution: 01645091 (validated)
Votes:    541/541
Wallets:  450188:541

Id:       542
Winner:   450188
Target:   01645091
Solution: 05582507 (validated)
Votes:    542/542
Wallets:  450188:542

Id:       543
Winner:   450188
Target:   05582507
Solution: 06216276 (validated)
Votes:    543/543
Wallets:  450188:543

Id:       544
Winner:   450188
Target:   06216276
Solution: 05497083 (validated)
Votes:    544/544
Wallets:  450188:544

Id:       545
Winner:   450188
Target:   05497083
Solution: 02964295 (validated)
Votes:    545/545
Wallets:  450188:545

Id:       546
Winner:   450188
Target:   02964295
Solution: 02169903 (rejected)
Votes:    546/546
Wallets:  450188:546

Id:       547
Winner:   450188
Target:   02964295
Solution: 02169903 (validated)
Votes:    547/547
Wallets:  450188:547

Id:       548
Winner:   450188
Target:   02169903
Solution: 02193980 (validated)
Votes:    548/548
Wallets:  450188:548

Id:       549
Winner:   450188
Target:   02193980
Solution: 06401500 (validated)
Votes:    549/549
Wallets:  450188:549

Id:       550
Winner:   450188
Target:   06401500
Solution: 06412817 (validated)
Votes:    550/550
Wallets:  450188:550

Id:       551
Winner:   450188
Target:   06412817
Solution: 09560635 (rejected)
Votes:    551/551
Wallets:  450188:551

Id:       552
Winner:   450188
Target:   06412817
Solution: 09560635 (validated)
Votes:    552/552
Wallets:  450188:552

Id:       553
Winner:   450188
Target:   09560635
Solution: 05567623 (validated)
Votes:    553/553
Wallets:  450188:553

Id:       554
Winner:   450188
Target:   05567623
Solution: 06816746 (validated)
Votes:    554/554
Wallets:  450188:554

Id:       555
Winner:   450188
Target:   06816746
Solution: 09529527 (rejected)
Votes:    555/555
Wallets:  450188:555

Id:       556
Winner:   450188
Target:   06816746
Solution: 09529527 (validated)
Votes:    556/556
Wallets:  450188:556

Id:       557
Winner:   450188
Target:   09529527
Solution: 08569063 (rejected)
Votes:    557/557
Wallets:  450188:557

Id:       558
Winner:   450188
Target:   09529527
Solution: 08569063 (validated)
Votes:    558/558
Wallets:  450188:558

Id:       559
Winner:   450188
Target:   08569063
Solution: 02535964 (validated)
Votes:    559/559
Wallets:  450188:559

Id:       560
Winner:   450188
Target:   02535964
Solution: 07830999 (validated)
Votes:    560/560
Wallets:  450188:560

Id:       561
Winner:   450188
Target:   07830999
Solution: 09989728 (validated)
Votes:    561/561
Wallets:  450188:561

Id:       562
Winner:   450188
Target:   09989728
Solution: 07388164 (validated)
Votes:    562/562
Wallets:  450188:562

Id:       563
Winner:   450188
Target:   07388164
Solution: 03057059 (validated)
Votes:    563/563
Wallets:  450188:563

Id:       564
Winner:   450188
Target:   03057059
Solution: 07347773 (rejected)
Votes:    564/564
Wallets:  450188:564

Id:       565
Winner:   450188
Target:   03057059
Solution: 07347773 (validated)
Votes:    565/565
Wallets:  450188:565

Id:       566
Winner:   450188
Target:   07347773
Solution: 06743335 (validated)
Votes:    566/566
Wallets:  450188:566

Id:       567
Winner:   450188
Target:   06743335
Solution: 08937837 (validated)
Votes:    567/567
Wallets:  450188:567

Id:       568
Winner:   450188
Target:   08937837
Solution: 08556565 (validated)
Votes:    568/568
Wallets:  450188:568

Id:       569
Winner:   450188
Target:   08556565
Solution: 09480508 (validated)
Votes:    569/569
Wallets:  450188:569

Id:       570
Winner:   450188
Target:   09480508
Solution: 02957699 (validated)
Votes:    570/570
Wallets:  450188:570

Id:       571
Winner:   450188
Target:   02957699
Solution: 02825598 (validated)
Votes:    571/571
Wallets:  450188:571

Id:       572
Winner:   450188
Target:   02825598
Solution: 04991248 (validated)
Votes:    572/572
Wallets:  450188:572

Id:       573
Winner:   450188
Target:   04991248
Solution: 01894178 (validated)
Votes:    573/573
Wallets:  450188:573

Id:       574
Winner:   450188
Target:   01894178
Solution: 03952694 (validated)
Votes:    574/574
Wallets:  450188:574

Id:       575
Winner:   450188
Target:   03952694
Solution: 02899333 (rejected)
Votes:    575/575
Wallets:  450188:575

Id:       576
Winner:   450188
Target:   03952694
Solution: 02899333 (validated)
Votes:    576/576
Wallets:  450188:576

Id:       577
Winner:   450188
Target:   02899333
Solution: 03804619 (validated)
Votes:    577/577
Wallets:  450188:577

Id:       578
Winner:   450188
Target:   03804619
Solution: 02205800 (validated)
Votes:    578/578
Wallets:  450188:578

Id:       579
Winner:   450188
Target:   02205800
Solution: 04844536 (validated)
Votes:    579/579
Wallets:  450188:579

Id:       580
Winner:   450188
Target:   04844536
Solution: 03995041 (validated)
Votes:    580/580
Wallets:  450188:580

Id:       581
Winner:   450188
Target:   03995041
Solution: 01807542 (validated)
Votes:    581/581
Wallets:  450188:581

Id:       582
Winner:   450188
Target:   01807542
Solution: 00687812 (validated)
Votes:    582/582
Wallets:  450188:582

Id:       583
Winner:   450188
Target:   00687812
Solution: 05118339 (validated)
Votes:    583/583
Wallets:  450188:583

Id:       584
Winner:   450188
Target:   05118339
Solution: 05564932 (validated)
Votes:    584/584
Wallets:  450188:584

Id:       585
Winner:   450188
Target:   05564932
Solution: 09089552 (validated)
Votes:    585/585
Wallets:  450188:585

Id:       586
Winner:   450188
Target:   09089552
Solution: 07045136 (validated)
Votes:    586/586
Wallets:  450188:586

Id:       587
Winner:   450188
Target:   07045136
Solution: 07357699 (validated)
Votes:    587/587
Wallets:  450188:587

Id:       588
Winner:   450188
Target:   07357699
Solution: 02807018 (validated)
Votes:    588/588
Wallets:  450188:588

Id:       589
Winner:   450188
Target:   02807018
Solution: 09214899 (validated)
Votes:    589/589
Wallets:  450188:589

Id:       590
Winner:   450188
Target:   09214899
Solution: 09179524 (validated)
Votes:    590/590
Wallets:  450188:590

Id:       591
Winner:   450188
Target:   09179524
Solution: 08662747 (validated)
Votes:    591/591
Wallets:  450188:591

Id:       592
Winner:   450188
Target:   08662747
Solution: 01553431 (validated)
Votes:    592/592
Wallets:  450188:592

Id:       593
Winner:   450188
Target:   01553431
Solution: 01010311 (validated)
Votes:    593/593
Wallets:  450188:593

Id:       594
Winner:   450188
Target:   01010311
Solution: 06018724 (validated)
Votes:    594/594
Wallets:  450188:594

Id:       595
Winner:   450188
Target:   06018724
Solution: 01150555 (validated)
Votes:    595/595
Wallets:  450188:595

Id:       596
Winner:   450188
Target:   01150555
Solution: 02760155 (validated)
Votes:    596/596
Wallets:  450188:596

Id:       597
Winner:   450188
Target:   02760155
Solution: 03989437 (validated)
Votes:    597/597
Wallets:  450188:597

Id:       598
Winner:   450188
Target:   03989437
Solution: 05905349 (rejected)
Votes:    598/598
Wallets:  450188:598

Id:       599
Winner:   450188
Target:   03989437
Solution: 05905349 (validated)
Votes:    599/599
Wallets:  450188:599

Id:       600
Winner:   450188
Target:   05905349
Solution: 02179206 (validated)
Votes:    600/600
Wallets:  450188:600

Id:       601
Winner:   450188
Target:   02179206
Solution: 00288516 (validated)
Votes:    601/601
Wallets:  450188:601

Id:       602
Winner:   450188
Target:   00288516
Solution: 08325105 (validated)
Votes:    602/602
Wallets:  450188:602

Id:       603
Winner:   450188
Target:   08325105
Solution: 09062491 (validated)
Votes:    603/603
Wallets:  450188:603

Id:       604
Winner:   450188
Target:   09062491
Solution: 06996307 (validated)
Votes:    604/604
Wallets:  450188:604

Id:       605
Winner:   450188
Target:   06996307
Solution: 00148066 (validated)
Votes:    605/605
Wallets:  450188:605

Id:       606
Winner:   450188
Target:   00148066
Solution: 02161209 (validated)
Votes:    606/606
Wallets:  450188:606

Id:       607
Winner:   450188
Target:   02161209
Solution: 04922570 (validated)
Votes:    607/607
Wallets:  450188:607

Id:       608
Winner:   450188
Target:   04922570
Solution: 08372703 (validated)
Votes:    608/608
Wallets:  450188:608

Id:       609
Winner:   450188
Target:   08372703
Solution: 09420662 (validated)
Votes:    609/609
Wallets:  450188:609

Id:       610
Winner:   450188
Target:   09420662
Solution: 04283919 (validated)
Votes:    610/610
Wallets:  450188:610

Id:       611
Winner:   450188
Target:   04283919
Solution: 03117202 (validated)
Votes:    611/611
Wallets:  450188:611

Id:       612
Winner:   450188
Target:   03117202
Solution: 01892003 (rejected)
Votes:    612/612
Wallets:  450188:612

Id:       613
Winner:   450188
Target:   03117202
Solution: 01892003 (validated)
Votes:    613/613
Wallets:  450188:613

Id:       614
Winner:   450188
Target:   01892003
Solution: 06725928 (validated)
Votes:    614/614
Wallets:  450188:614

Id:       615
Winner:   450188
Target:   06725928
Solution: 07556456 (validated)
Votes:    615/615
Wallets:  450188:615

Id:       616
Winner:   450188
Target:   07556456
Solution: 03594588 (rejected)
Votes:    616/616
Wallets:  450188:616

Id:       617
Winner:   450188
Target:   07556456
Solution: 03594588 (validated)
Votes:    617/617
Wallets:  450188:617

Id:       618
Winner:   450188
Target:   03594588
Solution: 01644680 (validated)
Votes:    618/618
Wallets:  450188:618

Id:       619
Winner:   450188
Target:   01644680
Solution: 08671479 (validated)
Votes:    619/619
Wallets:  450188:619

Id:       620
Winner:   450188
Target:   08671479
Solution: 02504266 (validated)
Votes:    620/620
Wallets:  450188:620

Id:       621
Winner:   450188
Target:   02504266
Solution: 06850177 (validated)
Votes:    621/621
Wallets:  450188:621

Id:       622
Winner:   450188
Target:   06850177
Solution: 00720824 (rejected)
Votes:    622/622
Wallets:  450188:622

Id:       623
Winner:   450188
Target:   06850177
Solution: 00720824 (validated)
Votes:    623/623
Wallets:  450188:623

Id:       624
Winner:   450188
Target:   00720824
Solution: 03885938 (validated)
Votes:    624/624
Wallets:  450188:624

Id:       625
Winner:   450188
Target:   03885938
Solution: 06049253 (validated)
Votes:    625/625
Wallets:  450188:625

Id:       626
Winner:   450188
Target:   06049253
Solution: 05492744 (validated)
Votes:    626/626
Wallets:  450188:626

Id:       627
Winner:   450188
Target:   05492744
Solution: 09838957 (validated)
Votes:    627/627
Wallets:  450188:627

Id:       628
Winner:   450188
Target:   09838957
Solution: 09272594 (validated)
Votes:    628/628
Wallets:  450188:628

Id:       629
Winner:   450188
Target:   09272594
Solution: 07162245 (validated)
Votes:    629/629
Wallets:  450188:629

Id:       630
Winner:   450188
Target:   07162245
Solution: 06385292 (validated)
Votes:    630/630
Wallets:  450188:630

Id:       631
Winner:   450188
Target:   06385292
Solution: 09836824 (rejected)
Votes:    631/631
Wallets:  450188:631

Id:       632
Winner:   450188
Target:   06385292
Solution: 09836824 (validated)
Votes:    632/632
Wallets:  450188:632

Id:       633
Winner:   450188
Target:   09836824
Solution: 03483891 (validated)
Votes:    633/633
Wallets:  450188:633

Id:       634
Winner:   450188
Target:   03483891
Solution: 05193012 (validated)
Votes:    634/634
Wallets:  450188:634

Id:       635
Winner:   450188
Target:   05193012
Solution: 03117953 (validated)
Votes:    635/635
Wallets:  450188:635

Id:       636
Winner:   450188
Target:   03117953
Solution: 08045446 (rejected)
Votes:    636/636
Wallets:  450188:636

Id:       637
Winner:   450188
Target:   03117953
Solution: 08045446 (validated)
Votes:    637/637
Wallets:  450188:637

Id:       638
Winner:   450188
Target:   08045446
Solution: 02975847 (validated)
Votes:    638/638
Wallets:  450188:638

Id:       639
Winner:   450188
Target:   02975847
Solution: 00973039 (rejected)
Votes:    639/639
Wallets:  450188:639

Id:       640
Winner:   450188
Target:   02975847
Solution: 00973039 (validated)
Votes:    640/640
Wallets:  450188:640

Id:       641
Winner:   450188
Target:   00973039
Solution: 07304767 (validated)
Votes:    641/641
Wallets:  450188:641

Id:       642
Winner:   450188
Target:   07304767
Solution: 00065873 (validated)
Votes:    642/642
Wallets:  450188:642

Id:       643
Winner:   450188
Target:   00065873
Solution: 03670254 (validated)
Votes:    643/643
Wallets:  450188:643

Id:       644
Winner:   450188
Target:   03670254
Solution: 04578321 (validated)
Votes:    644/644
Wallets:  450188:644

Id:       645
Winner:   450188
Target:   04578321
Solution: 05211567 (validated)
Votes:    645/645
Wallets:  450188:645

Id:       646
Winner:   450188
Target:   05211567
Solution: 00420087 (validated)
Votes:    646/646
Wallets:  450188:646

Id:       647
Winner:   450188
Target:   00420087
Solution: 08513006 (rejected)
Votes:    647/647
Wallets:  450188:647

Id:       648
Winner:   450188
Target:   00420087
Solution: 08513006 (validated)
Votes:    648/648
Wallets:  450188:648

Id:       649
Winner:   450188
Target:   08513006
Solution: 00561701 (rejected)
Votes:    649/649
Wallets:  450188:649

Id:       650
Winner:   450188
Target:   08513006
Solution: 00561701 (validated)
Votes:    650/650
Wallets:  450188:650

Id:       651
Winner:   450188
Target:   00561701
Solution: 01622995 (validated)
Votes:    651/651
Wallets:  450188:651

Id:       652
Winner:   450188
Target:   01622995
Solution: 02443687 (validated)
Votes:    652/652
Wallets:  450188:652

Id:       653
Winner:   450188
Target:   02443687
Solution: 06923007 (validated)
Votes:    653/653
Wallets:  450188:653

Id:       654
Winner:   450188
Target:   06923007
Solution: 04779127 (validated)
Votes:    654/654
Wallets:  450188:654

Id:       655
Winner:   450188
Target:   04779127
Solution: 08916320 (validated)
Votes:    655/655
Wallets:  450188:655

Id:       656
Winner:   450188
Target:   08916320
Solution: 08071813 (validated)
Votes:    656/656
Wallets:  450188:656

Id:       657
Winner:   450188
Target:   08071813
Solution: 07389219 (validated)
Votes:    657/657
Wallets:  450188:657

Id:       658
Winner:   450188
Target:   07389219
Solution: 08652811 (validated)
Votes:    658/658
Wallets:  450188:658

Id:       659
Winner:   450188
Target:   08652811
Solution: 06100062 (rejected)
Votes:    659/659
Wallets:  450188:659

Id:       660
Winner:   450188
Target:   08652811
Solution: 06100062 (validated)
Votes:    660/660
Wallets:  450188:660

Id:       661
Winner:   450188
Target:   06100062
Solution: 01834872 (validated)
Votes:    661/661
Wallets:  450188:661

Id:       662
Winner:   450188
Target:   01834872
Solution: 02315049 (rejected)
Votes:    662/662
Wallets:  450188:662

Id:       663
Winner:   450188
Target:   01834872
Solution: 02315049 (validated)
Votes:    663/663
Wallets:  450188:663

Id:       664
Winner:   450188
Target:   02315049
Solution: 03689477 (validated)
Votes:    664/664
Wallets:  450188:664

Id:       665
Winner:   450188
Target:   03689477
Solution: 07100886 (validated)
Votes:    665/665
Wallets:  450188:665

Id:       666
Winner:   450188
Target:   07100886
Solution: 04074129 (validated)
Votes:    666/666
Wallets:  450188:666

Id:       667
Winner:   450188
Target:   04074129
Solution: 09842448 (validated)
Votes:    667/667
Wallets:  450188:667

Id:       668
Winner:   450188
Target:   09842448
Solution: 08163153 (validated)
Votes:    668/668
Wallets:  450188:668

Id:       669
Winner:   450188
Target:   08163153
Solution: 01498372 (validated)
Votes:    669/669
Wallets:  450188:669

Id:       670
Winner:   450188
Target:   01498372
Solution: 04111511 (validated)
Votes:    670/670
Wallets:  450188:670

Id:       671
Winner:   450188
Target:   04111511
Solution: 01842951 (validated)
Votes:    671/671
Wallets:  450188:671

Id:       672
Winner:   450188
Target:   01842951
Solution: 07127679 (validated)
Votes:    672/672
Wallets:  450188:672

Id:       673
Winner:   450188
Target:   07127679
Solution: 04483058 (rejected)
Votes:    673/673
Wallets:  450188:673

Id:       674
Winner:   450188
Target:   07127679
Solution: 04483058 (validated)
Votes:    674/674
Wallets:  450188:674

Id:       675
Winner:   450188
Target:   04483058
Solution: 04585250 (validated)
Votes:    675/675
Wallets:  450188:675

Id:       676
Winner:   450188
Target:   04585250
Solution: 00228731 (validated)
Votes:    676/676
Wallets:  450188:676

Id:       677
Winner:   450188
Target:   00228731
Solution: 07927949 (rejected)
Votes:    677/677
Wallets:  450188:677

Id:       678
Winner:   450188
Target:   00228731
Solution: 07927949 (validated)
Votes:    678/678
Wallets:  450188:678

Id:       679
Winner:   450188
Target:   07927949
Solution: 01634425 (validated)
Votes:    679/679
Wallets:  450188:679

Id:       680
Winner:   450188
Target:   01634425
Solution: 04693575 (rejected)
Votes:    680/680
Wallets:  450188:680

Id:       681
Winner:   450188
Target:   01634425
Solution: 04693575 (validated)
Votes:    681/681
Wallets:  450188:681

Id:       682
Winner:   450188
Target:   04693575
Solution: 07477740 (rejected)
Votes:    682/682
Wallets:  450188:682

Id:       683
Winner:   450188
Target:   04693575
Solution: 07477740 (validated)
Votes:    683/683
Wallets:  450188:683

Id:       684
Winner:   450188
Target:   07477740
Solution: 06848171 (validated)
Votes:    684/684
Wallets:  450188:684

Id:       685
Winner:   450188
Target:   06848171
Solution: 01177909 (rejected)
Votes:    685/685
Wallets:  450188:685

Id:       686
Winner:   450188
Target:   06848171
Solution: 01177909 (validated)
Votes:    686/686
Wallets:  450188:686

Id:       687
Winner:   450188
Target:   01177909
Solution: 00923099 (validated)
Votes:    687/687
Wallets:  450188:687

Id:       688
Winner:   450188
Target:   00923099
Solution: 05915298 (validated)
Votes:    688/688
Wallets:  450188:688

Id:       689
Winner:   450188
Target:   05915298
Solution: 02837785 (validated)
Votes:    689/689
Wallets:  450188:689

Id:       690
Winner:   450188
Target:   02837785
Solution: 05030233 (validated)
Votes:    690/690
Wallets:  450188:690

Id:       691
Winner:   450188
Target:   05030233
Solution: 02036935 (validated)
Votes:    691/691
Wallets:  450188:691

Id:       692
Winner:   450188
Target:   02036935
Solution: 03286290 (validated)
Votes:    692/692
Wallets:  450188:692

Id:       693
Winner:   450188
Target:   03286290
Solution: 05836562 (validated)
Votes:    693/693
Wallets:  450188:693

Id:       694
Winner:   450188
Target:   05836562
Solution: 07311996 (validated)
Votes:    694/694
Wallets:  450188:694

Id:       695
Winner:   450188
Target:   07311996
Solution: 06766708 (validated)
Votes:    695/695
Wallets:  450188:695

Id:       696
Winner:   450188
Target:   06766708
Solution: 08122517 (validated)
Votes:    696/696
Wallets:  450188:696

Id:       697
Winner:   450188
Target:   08122517
Solution: 00141947 (validated)
Votes:    697/697
Wallets:  450188:697

Id:       698
Winner:   450188
Target:   00141947
Solution: 07697096 (validated)
Votes:    698/698
Wallets:  450188:698

Id:       699
Winner:   450188
Target:   07697096
Solution: 08160215 (validated)
Votes:    699/699
Wallets:  450188:699

Id:       700
Winner:   450188
Target:   08160215
Solution: 04849158 (validated)
Votes:    700/700
Wallets:  450188:700

Id:       701
Winner:   450188
Target:   04849158
Solution: 05842505 (validated)
Votes:    701/701
Wallets:  450188:701

Id:       702
Winner:   450188
Target:   05842505
Solution: 00520399 (rejected)
Votes:    702/702
Wallets:  450188:702

Id:       703
Winner:   450188
Target:   05842505
Solution: 00520399 (validated)
Votes:    703/703
Wallets:  450188:703

Id:       704
Winner:   450188
Target:   00520399
Solution: 08920852 (validated)
Votes:    704/704
Wallets:  450188:704

Id:       705
Winner:   450188
Target:   08920852
Solution: 05414406 (validated)
Votes:    705/705
Wallets:  450188:705

Id:       706
Winner:   450188
Target:   05414406
Solution: 06018986 (validated)
Votes:    706/706
Wallets:  450188:706

Id:       707
Winner:   450188
Target:   06018986
Solution: 09154801 (validated)
Votes:    707/707
Wallets:  450188:707

Id:       708
Winner:   450188
Target:   09154801
Solution: 01891184 (validated)
Votes:    708/708
Wallets:  450188:708

Id:       709
Winner:   450188
Target:   01891184
Solution: 08721699 (validated)
Votes:    709/709
Wallets:  450188:709

Id:       710
Winner:   450188
Target:   08721699
Solution: 06800337 (validated)
Votes:    710/710
Wallets:  450188:710

Id:       711
Winner:   450188
Target:   06800337
Solution: 03225912 (validated)
Votes:    711/711
Wallets:  450188:711

Id:       712
Winner:   450188
Target:   03225912
Solution: 05639317 (validated)
Votes:    712/712
Wallets:  450188:712

Id:       713
Winner:   450188
Target:   05639317
Solution: 08223301 (validated)
Votes:    713/713
Wallets:  450188:713

Id:       714
Winner:   450188
Target:   08223301
Solution: 05735142 (validated)
Votes:    714/714
Wallets:  450188:714

Id:       715
Winner:   450188
Target:   05735142
Solution: 08542141 (validated)
Votes:    715/715
Wallets:  450188:715

Id:       716
Winner:   450188
Target:   08542141
Solution: 02001928 (validated)
Votes:    716/716
Wallets:  450188:716

Id:       717
Winner:   450188
Target:   02001928
Solution: 06303970 (validated)
Votes:    717/717
Wallets:  450188:717

Id:       718
Winner:   450188
Target:   06303970
Solution: 00177847 (validated)
Votes:    718/718
Wallets:  450188:718

Id:       719
Winner:   450188
Target:   00177847
Solution: 06165479 (validated)
Votes:    719/719
Wallets:  450188:719

Id:       720
Winner:   450188
Target:   06165479
Solution: 02423960 (validated)
Votes:    720/720
Wallets:  450188:720

Id:       721
Winner:   450188
Target:   02423960
Solution: 07166716 (validated)
Votes:    721/721
Wallets:  450188:721

Id:       722
Winner:   450188
Target:   07166716
Solution: 05451261 (validated)
Votes:    722/722
Wallets:  450188:722

Id:       723
Winner:   450188
Target:   05451261
Solution: 06188564 (validated)
Votes:    723/723
Wallets:  450188:723

Id:       724
Winner:   450188
Target:   06188564
Solution: 03189368 (validated)
Votes:    724/724
Wallets:  450188:724

Id:       725
Winner:   450188
Target:   03189368
Solution: 08483907 (validated)
Votes:    725/725
Wallets:  450188:725

Id:       726
Winner:   450188
Target:   08483907
Solution: 08921580 (validated)
Votes:    726/726
Wallets:  450188:726

Id:       727
Winner:   450188
Target:   08921580
Solution: 06972953 (validated)
Votes:    727/727
Wallets:  450188:727

Id:       728
Winner:   450188
Target:   06972953
Solution: 07801947 (rejected)
Votes:    728/728
Wallets:  450188:728

Id:       729
Winner:   450188
Target:   06972953
Solution: 07801947 (validated)
Votes:    729/729
Wallets:  450188:729

Id:       730
Winner:   450188
Target:   07801947
Solution: 09482513 (rejected)
Votes:    730/730
Wallets:  450188:730

Id:       731
Winner:   450188
Target:   07801947
Solution: 09482513 (validated)
Votes:    731/731
Wallets:  450188:731

Id:       732
Winner:   450188
Target:   09482513
Solution: 00562106 (validated)
Votes:    732/732
Wallets:  450188:732

Id:       733
Winner:   450188
Target:   00562106
Solution: 06898369 (validated)
Votes:    733/733
Wallets:  450188:733

Id:       734
Winner:   450188
Target:   06898369
Solution: 02817592 (validated)
Votes:    734/734
Wallets:  450188:734

Id:       735
Winner:   450188
Target:   02817592
Solution: 01721944 (validated)
Votes:    735/735
Wallets:  450188:735

Id:       736
Winner:   450188
Target:   01721944
Solution: 00057137 (validated)
Votes:    736/736
Wallets:  450188:736

Id:       737
Winner:   450188
Target:   00057137
Solution: 04963084 (validated)
Votes:    737/737
Wallets:  450188:737

Id:       738
Winner:   450188
Target:   04963084
Solution: 03178183 (validated)
Votes:    738/738
Wallets:  450188:738

Id:       739
Winner:   450188
Target:   03178183
Solution: 01279023 (rejected)
Votes:    739/739
Wallets:  450188:739

Id:       740
Winner:   450188
Target:   03178183
Solution: 01279023 (validated)
Votes:    740/740
Wallets:  450188:740

Id:       741
Winner:   450188
Target:   01279023
Solution: 06371326 (validated)
Votes:    741/741
Wallets:  450188:741

Id:       742
Winner:   450188
Target:   06371326
Solution: 00399875 (rejected)
Votes:    742/742
Wallets:  450188:742

Id:       743
Winner:   450188
Target:   06371326
Solution: 00399875 (validated)
Votes:    743/743
Wallets:  450188:743

Id:       744
Winner:   450188
Target:   00399875
Solution: 08363853 (validated)
Votes:    744/744
Wallets:  450188:744

Id:       745
Winner:   450188
Target:   08363853
Solution: 09672914 (validated)
Votes:    745/745
Wallets:  450188:745

Id:       746
Winner:   450188
Target:   09672914
Solution: 09443665 (validated)
Votes:    746/746
Wallets:  450188:746

Id:       747
Winner:   450188
Target:   09443665
Solution: 06054823 (validated)
Votes:    747/747
Wallets:  450188:747

Id:       748
Winner:   450188
Target:   06054823
Solution: 05469544 (rejected)
Votes:    748/748
Wallets:  450188:748

Id:       749
Winner:   450188
Target:   06054823
Solution: 05469544 (validated)
Votes:    749/749
Wallets:  450188:749

Id:       750
Winner:   450188
Target:   05469544
Solution: 06094463 (validated)
Votes:    750/750
Wallets:  450188:750

Id:       751
Winner:   450188
Target:   06094463
Solution: 05627522 (validated)
Votes:    751/751
Wallets:  450188:751

Id:       752
Winner:   450188
Target:   05627522
Solution: 08254480 (validated)
Votes:    752/752
Wallets:  450188:752

Id:       753
Winner:   450188
Target:   08254480
Solution: 00400012 (validated)
Votes:    753/753
Wallets:  450188:753

Id:       754
Winner:   450188
Target:   00400012
Solution: 04001630 (validated)
Votes:    754/754
Wallets:  450188:754

Id:       755
Winner:   450188
Target:   04001630
Solution: 07577685 (validated)
Votes:    755/755
Wallets:  450188:755

Id:       756
Winner:   450188
Target:   07577685
Solution: 05660068 (validated)
Votes:    756/756
Wallets:  450188:756

Id:       757
Winner:   450188
Target:   05660068
Solution: 03470081 (validated)
Votes:    757/757
Wallets:  450188:757

Id:       758
Winner:   450188
Target:   03470081
Solution: 08230098 (validated)
Votes:    758/758
Wallets:  450188:758

Id:       759
Winner:   450188
Target:   08230098
Solution: 04809372 (validated)
Votes:    759/759
Wallets:  450188:759

Id:       760
Winner:   450188
Target:   04809372
Solution: 02597875 (validated)
Votes:    760/760
Wallets:  450188:760

Id:       761
Winner:   450188
Target:   02597875
Solution: 00447302 (validated)
Votes:    761/761
Wallets:  450188:761

Id:       762
Winner:   450188
Target:   00447302
Solution: 07161157 (rejected)
Votes:    762/762
Wallets:  450188:762

Id:       763
Winner:   450188
Target:   00447302
Solution: 07161157 (validated)
Votes:    763/763
Wallets:  450188:763

Id:       764
Winner:   450188
Target:   07161157
Solution: 06802655 (validated)
Votes:    764/764
Wallets:  450188:764

Id:       765
Winner:   450188
Target:   06802655
Solution: 07721503 (validated)
Votes:    765/765
Wallets:  450188:765

Id:       766
Winner:   450188
Target:   07721503
Solution: 02225070 (validated)
Votes:    766/766
Wallets:  450188:766

Id:       767
Winner:   450188
Target:   02225070
Solution: 08497704 (validated)
Votes:    767/767
Wallets:  450188:767

Id:       768
Winner:   450188
Target:   08497704
Solution: 00679284 (validated)
Votes:    768/768
Wallets:  450188:768

Id:       769
Winner:   450188
Target:   00679284
Solution: 09712953 (validated)
Votes:    769/769
Wallets:  450188:769

Id:       770
Winner:   450188
Target:   09712953
Solution: 03245969 (validated)
Votes:    770/770
Wallets:  450188:770

Id:       771
Winner:   450188
Target:   03245969
Solution: 05250640 (rejected)
Votes:    771/771
Wallets:  450188:771

Id:       772
Winner:   450188
Target:   03245969
Solution: 05250640 (validated)
Votes:    772/772
Wallets:  450188:772

Id:       773
Winner:   450188
Target:   05250640
Solution: 01190699 (validated)
Votes:    773/773
Wallets:  450188:773

Id:       774
Winner:   450188
Target:   01190699
Solution: 00151859 (validated)
Votes:    774/774
Wallets:  450188:774

Id:       775
Winner:   450188
Target:   00151859
Solution: 06614758 (validated)
Votes:    775/775
Wallets:  450188:775

Id:       776
Winner:   450188
Target:   06614758
Solution: 03980931 (validated)
Votes:    776/776
Wallets:  450188:776

Id:       777
Winner:   450188
Target:   03980931
Solution: 03158654 (validated)
Votes:    777/777
Wallets:  450188:777

Id:       778
Winner:   450188
Target:   03158654
Solution: 05434830 (validated)
Votes:    778/778
Wallets:  450188:778

Id:       779
Winner:   450188
Target:   05434830
Solution: 07226258 (validated)
Votes:    779/779
Wallets:  450188:779

Id:       780
Winner:   450188
Target:   07226258
Solution: 04682732 (validated)
Votes:    780/780
Wallets:  450188:780

Id:       781
Winner:   450188
Target:   04682732
Solution: 03394590 (validated)
Votes:    781/781
Wallets:  450188:781

Id:       782
Winner:   450188
Target:   03394590
Solution: 04613659 (validated)
Votes:    782/782
Wallets:  450188:782

Id:       783
Winner:   450188
Target:   04613659
Solution: 03987427 (validated)
Votes:    783/783
Wallets:  450188:783

Id:       784
Winner:   450188
Target:   03987427
Solution: 08606099 (rejected)
Votes:    784/784
Wallets:  450188:784

Id:       785
Winner:   450188
Target:   03987427
Solution: 08606099 (validated)
Votes:    785/785
Wallets:  450188:785

Id:       786
Winner:   450188
Target:   08606099
Solution: 03656095 (rejected)
Votes:    786/786
Wallets:  450188:786

Id:       787
Winner:   450188
Target:   08606099
Solution: 03656095 (validated)
Votes:    787/787
Wallets:  450188:787

Id:       788
Winner:   450188
Target:   03656095
Solution: 00921814 (validated)
Votes:    788/788
Wallets:  450188:788

Id:       789
Winner:   450188
Target:   00921814
Solution: 04359071 (validated)
Votes:    789/789
Wallets:  450188:789

Id:       790
Winner:   450188
Target:   04359071
Solution: 09427431 (validated)
Votes:    790/790
Wallets:  450188:790

Id:       791
Winner:   450188
Target:   09427431
Solution: 09066107 (rejected)
Votes:    791/791
Wallets:  450188:791

Id:       792
Winner:   450188
Target:   09427431
Solution: 09066107 (validated)
Votes:    792/792
Wallets:  450188:792

Id:       793
Winner:   450188
Target:   09066107
Solution: 08255638 (validated)
Votes:    793/793
Wallets:  450188:793

Id:       794
Winner:   450188
Target:   08255638
Solution: 05708148 (validated)
Votes:    794/794
Wallets:  450188:794

Id:       795
Winner:   450188
Target:   05708148
Solution: 08403287 (validated)
Votes:    795/795
Wallets:  450188:795

Id:       796
Winner:   450188
Target:   08403287
Solution: 00408427 (validated)
Votes:    796/796
Wallets:  450188:796

Id:       797
Winner:   450188
Target:   00408427
Solution: 00304946 (validated)
Votes:    797/797
Wallets:  450188:797

Id:       798
Winner:   450188
Target:   00304946
Solution: 05348903 (validated)
Votes:    798/798
Wallets:  450188:798

Id:       799
Winner:   450188
Target:   05348903
Solution: 08679059 (rejected)
Votes:    799/799
Wallets:  450188:799

Id:       800
Winner:   450188
Target:   05348903
Solution: 08679059 (validated)
Votes:    800/800
Wallets:  450188:800

Id:       801
Winner:   450188
Target:   08679059
Solution: 09778013 (validated)
Votes:    801/801
Wallets:  450188:801

Id:       802
Winner:   450188
Target:   09778013
Solution: 01628794 (rejected)
Votes:    802/802
Wallets:  450188:802

Id:       803
Winner:   450188
Target:   09778013
Solution: 01628794 (validated)
Votes:    803/803
Wallets:  450188:803

Id:       804
Winner:   450188
Target:   01628794
Solution: 06440151 (validated)
Votes:    804/804
Wallets:  450188:804

Id:       805
Winner:   450188
Target:   06440151
Solution: 08944207 (validated)
Votes:    805/805
Wallets:  450188:805

Id:       806
Winner:   450188
Target:   08944207
Solution: 09696730 (validated)
Votes:    806/806
Wallets:  450188:806

Id:       807
Winner:   450188
Target:   09696730
Solution: 07585447 (validated)
Votes:    807/807
Wallets:  450188:807

Id:       808
Winner:   450188
Target:   07585447
Solution: 05825179 (validated)
Votes:    808/808
Wallets:  450188:808

Id:       809
Winner:   450188
Target:   05825179
Solution: 06192711 (validated)
Votes:    809/809
Wallets:  450188:809

Id:       810
Winner:   450188
Target:   06192711
Solution: 04033656 (validated)
Votes:    810/810
Wallets:  450188:810

Id:       811
Winner:   450188
Target:   04033656
Solution: 04536523 (validated)
Votes:    811/811
Wallets:  450188:811

Id:       812
Winner:   450188
Target:   04536523
Solution: 00790671 (rejected)
Votes:    812/812
Wallets:  450188:812

Id:       813
Winner:   450188
Target:   04536523
Solution: 00790671 (validated)
Votes:    813/813
Wallets:  450188:813

Id:       814
Winner:   450188
Target:   00790671
Solution: 04043743 (validated)
Votes:    814/814
Wallets:  450188:814

Id:       815
Winner:   450188
Target:   04043743
Solution: 02771387 (rejected)
Votes:    815/815
Wallets:  450188:815

Id:       816
Winner:   450188
Target:   04043743
Solution: 02771387 (validated)
Votes:    816/816
Wallets:  450188:816

Id:       817
Winner:   450188
Target:   02771387
Solution: 02327227 (validated)
Votes:    817/817
Wallets:  450188:817

Id:       818
Winner:   450188
Target:   02327227
Solution: 06277284 (validated)
Votes:    818/818
Wallets:  450188:818

Id:       819
Winner:   450188
Target:   06277284
Solution: 07235334 (validated)
Votes:    819/819
Wallets:  450188:819

Id:       820
Winner:   450188
Target:   07235334
Solution: 02634620 (validated)
Votes:    820/820
Wallets:  450188:820

Id:       821
Winner:   450188
Target:   02634620
Solution: 07330334 (validated)
Votes:    821/821
Wallets:  450188:821

Id:       822
Winner:   450188
Target:   07330334
Solution: 03315880 (validated)
Votes:    822/822
Wallets:  450188:822

Id:       823
Winner:   450188
Target:   03315880
Solution: 09500593 (validated)
Votes:    823/823
Wallets:  450188:823

Id:       824
Winner:   450188
Target:   09500593
Solution: 06858761 (rejected)
Votes:    824/824
Wallets:  450188:824

Id:       825
Winner:   450188
Target:   09500593
Solution: 06858761 (validated)
Votes:    825/825
Wallets:  450188:825

Id:       826
Winner:   450188
Target:   06858761
Solution: 04705688 (validated)
Votes:    826/826
Wallets:  450188:826

Id:       827
Winner:   450188
Target:   04705688
Solution: 04034891 (validated)
Votes:    827/827
Wallets:  450188:827

Id:       828
Winner:   450188
Target:   04034891
Solution: 09144320 (validated)
Votes:    828/828
Wallets:  450188:828

Id:       829
Winner:   450188
Target:   09144320
Solution: 09706837 (validated)
Votes:    829/829
Wallets:  450188:829

Id:       830
Winner:   450188
Target:   09706837
Solution: 04599683 (validated)
Votes:    830/830
Wallets:  450188:830

Id:       831
Winner:   450188
Target:   04599683
Solution: 05158489 (rejected)
Votes:    831/831
Wallets:  450188:831

Id:       832
Winner:   450188
Target:   04599683
Solution: 05158489 (validated)
Votes:    832/832
Wallets:  450188:832

Id:       833
Winner:   450188
Target:   05158489
Solution: 04589987 (validated)
Votes:    833/833
Wallets:  450188:833

Id:       834
Winner:   450188
Target:   04589987
Solution: 05055281 (validated)
Votes:    834/834
Wallets:  450188:834

Id:       835
Winner:   450188
Target:   05055281
Solution: 08968687 (validated)
Votes:    835/835
Wallets:  450188:835

Id:       836
Winner:   450188
Target:   08968687
Solution: 05304911 (validated)
Votes:    836/836
Wallets:  450188:836

Id:       837
Winner:   450188
Target:   05304911
Solution: 00192836 (validated)
Votes:    837/837
Wallets:  450188:837

Id:       838
Winner:   450188
Target:   00192836
Solution: 09154409 (validated)
Votes:    838/838
Wallets:  450188:838

Id:       839
Winner:   450188
Target:   09154409
Solution: 01821020 (validated)
Votes:    839/839
Wallets:  450188:839

Id:       840
Winner:   450188
Target:   01821020
Solution: 03916375 (validated)
Votes:    840/840
Wallets:  450188:840

Id:       841
Winner:   450188
Target:   03916375
Solution: 02009555 (validated)
Votes:    841/841
Wallets:  450188:841

Id:       842
Winner:   450188
Target:   02009555
Solution: 04710623 (validated)
Votes:    842/842
Wallets:  450188:842

Id:       843
Winner:   450188
Target:   04710623
Solution: 02775842 (validated)
Votes:    843/843
Wallets:  450188:843

Id:       844
Winner:   450188
Target:   02775842
Solution: 00370159 (validated)
Votes:    844/844
Wallets:  450188:844

Id:       845
Winner:   450188
Target:   00370159
Solution: 00392542 (validated)
Votes:    845/845
Wallets:  450188:845

Id:       846
Winner:   450188
Target:   00392542
Solution: 00012126 (validated)
Votes:    846/846
Wallets:  450188:846

Id:       847
Winner:   450188
Target:   00012126
Solution: 00681215 (validated)
Votes:    847/847
Wallets:  450188:847

Id:       848
Winner:   450188
Target:   00681215
Solution: 03835526 (validated)
Votes:    848/848
Wallets:  450188:848

Id:       849
Winner:   450188
Target:   03835526
Solution: 09472132 (rejected)
Votes:    849/849
Wallets:  450188:849

Id:       850
Winner:   450188
Target:   03835526
Solution: 09472132 (validated)
Votes:    850/850
Wallets:  450188:850

Id:       851
Winner:   450188
Target:   09472132
Solution: 02274619 (rejected)
Votes:    851/851
Wallets:  450188:851

Id:       852
Winner:   450188
Target:   09472132
Solution: 02274619 (validated)
Votes:    852/852
Wallets:  450188:852

Id:       853
Winner:   450188
Target:   02274619
Solution: 01757820 (validated)
Votes:    853/853
Wallets:  450188:853

Id:       854
Winner:   450188
Target:   01757820
Solution: 01989813 (validated)
Votes:    854/854
Wallets:  450188:854

Id:       855
Winner:   450188
Target:   01989813
Solution: 05869803 (validated)
Votes:    855/855
Wallets:  450188:855

Id:       856
Winner:   450188
Target:   05869803
Solution: 00101562 (validated)
Votes:    856/856
Wallets:  450188:856

Id:       857
Winner:   450188
Target:   00101562
Solution: 03019026 (validated)
Votes:    857/857
Wallets:  450188:857

Id:       858
Winner:   450188
Target:   03019026
Solution: 03090687 (validated)
Votes:    858/858
Wallets:  450188:858

Id:       859
Winner:   450188
Target:   03090687
Solution: 00512660 (validated)
Votes:    859/859
Wallets:  450188:859

Id:       860
Winner:   450188
Target:   00512660
Solution: 03352940 (validated)
Votes:    860/860
Wallets:  450188:860

Id:       861
Winner:   450188
Target:   03352940
Solution: 07156431 (validated)
Votes:    861/861
Wallets:  450188:861

Id:       862
Winner:   450188
Target:   07156431
Solution: 03304299 (validated)
Votes:    862/862
Wallets:  450188:862

Id:       863
Winner:   450188
Target:   03304299
Solution: 04469210 (validated)
Votes:    863/863
Wallets:  450188:863

Id:       864
Winner:   450188
Target:   04469210
Solution: 03942911 (validated)
Votes:    864/864
Wallets:  450188:864

Id:       865
Winner:   450188
Target:   03942911
Solution: 04106778 (validated)
Votes:    865/865
Wallets:  450188:865

Id:       866
Winner:   450188
Target:   04106778
Solution: 04770433 (validated)
Votes:    866/866
Wallets:  450188:866

Id:       867
Winner:   450188
Target:   04770433
Solution: 01647213 (validated)
Votes:    867/867
Wallets:  450188:867

Id:       868
Winner:   450188
Target:   01647213
Solution: 00045319 (validated)
Votes:    868/868
Wallets:  450188:868

Id:       869
Winner:   450188
Target:   00045319
Solution: 00399367 (validated)
Votes:    869/869
Wallets:  450188:869

Id:       870
Winner:   450188
Target:   00399367
Solution: 03376095 (validated)
Votes:    870/870
Wallets:  450188:870

Id:       871
Winner:   450188
Target:   03376095
Solution: 03649641 (rejected)
Votes:    871/871
Wallets:  450188:871

Id:       872
Winner:   450188
Target:   03376095
Solution: 03649641 (validated)
Votes:    872/872
Wallets:  450188:872

Id:       873
Winner:   450188
Target:   03649641
Solution: 06907826 (validated)
Votes:    873/873
Wallets:  450188:873

Id:       874
Winner:   450188
Target:   06907826
Solution: 09509147 (validated)
Votes:    874/874
Wallets:  450188:874

Id:       875
Winner:   450188
Target:   09509147
Solution: 02676870 (validated)
Votes:    875/875
Wallets:  450188:875

Id:       876
Winner:   450188
Target:   02676870
Solution: 08159510 (validated)
Votes:    876/876
Wallets:  450188:876

Id:       877
Winner:   450188
Target:   08159510
Solution: 07885507 (rejected)
Votes:    877/877
Wallets:  450188:877

Id:       878
Winner:   450188
Target:   08159510
Solution: 07885507 (validated)
Votes:    878/878
Wallets:  450188:878

Id:       879
Winner:   450188
Target:   07885507
Solution: 08524199 (rejected)
Votes:    879/879
Wallets:  450188:879

Id:       880
Winner:   450188
Target:   07885507
Solution: 08524199 (rejected)
Votes:    880/880
Wallets:  450188:880

Id:       881
Winner:   450188
Target:   07885507
Solution: 08524199 (validated)
Votes:    881/881
Wallets:  450188:881

Id:       882
Winner:   450188
Target:   08524199
Solution: 03279255 (rejected)
Votes:    882/882
Wallets:  450188:882

Id:       883
Winner:   450188
Target:   08524199
Solution: 03279255 (validated)
Votes:    883/883
Wallets:  450188:883

Id:       884
Winner:   450188
Target:   03279255
Solution: 05291490 (validated)
Votes:    884/884
Wallets:  450188:884

Id:       885
Winner:   450188
Target:   05291490
Solution: 07482259 (validated)
Votes:    885/885
Wallets:  450188:885

Id:       886
Winner:   450188
Target:   07482259
Solution: 08983251 (validated)
Votes:    886/886
Wallets:  450188:886

Id:       887
Winner:   450188
Target:   08983251
Solution: 04239095 (validated)
Votes:    887/887
Wallets:  450188:887

Id:       888
Winner:   450188
Target:   04239095
Solution: 01419237 (validated)
Votes:    888/888
Wallets:  450188:888

Id:       889
Winner:   450188
Target:   01419237
Solution: 04943699 (rejected)
Votes:    889/889
Wallets:  450188:889

Id:       890
Winner:   450188
Target:   01419237
Solution: 04943699 (validated)
Votes:    890/890
Wallets:  450188:890

Id:       891
Winner:   450188
Target:   04943699
Solution: 06543626 (validated)
Votes:    891/891
Wallets:  450188:891

Id:       892
Winner:   450188
Target:   06543626
Solution: 02266899 (validated)
Votes:    892/892
Wallets:  450188:892

Id:       893
Winner:   450188
Target:   02266899
Solution: 03028469 (validated)
Votes:    893/893
Wallets:  450188:893

Id:       894
Winner:   450188
Target:   03028469
Solution: 02638524 (validated)
Votes:    894/894
Wallets:  450188:894

Id:       895
Winner:   450188
Target:   02638524
Solution: 07008937 (validated)
Votes:    895/895
Wallets:  450188:895

Id:       896
Winner:   450188
Target:   07008937
Solution: 09141850 (validated)
Votes:    896/896
Wallets:  450188:896

Id:       897
Winner:   450188
Target:   09141850
Solution: 00491243 (validated)
Votes:    897/897
Wallets:  450188:897

Id:       898
Winner:   450188
Target:   00491243
Solution: 06762745 (validated)
Votes:    898/898
Wallets:  450188:898

Id:       899
Winner:   450188
Target:   06762745
Solution: 04046609 (validated)
Votes:    899/899
Wallets:  450188:899

Id:       900
Winner:   450188
Target:   04046609
Solution: 09813480 (validated)
Votes:    900/900
Wallets:  450188:900

Id:       901
Winner:   450188
Target:   09813480
Solution: 00529761 (validated)
Votes:    901/901
Wallets:  450188:901

Id:       902
Winner:   450188
Target:   00529761
Solution: 01414996 (rejected)
Votes:    902/902
Wallets:  450188:902

Id:       903
Winner:   450188
Target:   00529761
Solution: 01414996 (validated)
Votes:    903/903
Wallets:  450188:903

Id:       904
Winner:   450188
Target:   01414996
Solution: 01838205 (validated)
Votes:    904/904
Wallets:  450188:904

Id:       905
Winner:   450188
Target:   01838205
Solution: 04849951 (validated)
Votes:    905/905
Wallets:  450188:905

Id:       906
Winner:   450188
Target:   04849951
Solution: 03434011 (validated)
Votes:    906/906
Wallets:  450188:906

Id:       907
Winner:   450188
Target:   03434011
Solution: 00141659 (validated)
Votes:    907/907
Wallets:  450188:907

Id:       908
Winner:   450188
Target:   00141659
Solution: 09277824 (validated)
Votes:    908/908
Wallets:  450188:908

Id:       909
Winner:   450188
Target:   09277824
Solution: 07894327 (validated)
Votes:    909/909
Wallets:  450188:909

Id:       910
Winner:   450188
Target:   07894327
Solution: 00105192 (validated)
Votes:    910/910
Wallets:  450188:910

Id:       911
Winner:   450188
Target:   00105192
Solution: 01424378 (validated)
Votes:    911/911
Wallets:  450188:911

Id:       912
Winner:   450188
Target:   01424378
Solution: 03109418 (rejected)
Votes:    912/912
Wallets:  450188:912

Id:       913
Winner:   450188
Target:   01424378
Solution: 03109418 (rejected)
Votes:    913/913
Wallets:  450188:913

Id:       914
Winner:   450188
Target:   01424378
Solution: 03109418 (validated)
Votes:    914/914
Wallets:  450188:914

Id:       915
Winner:   450188
Target:   03109418
Solution: 09068201 (validated)
Votes:    915/915
Wallets:  450188:915

Id:       916
Winner:   450188
Target:   09068201
Solution: 08426408 (validated)
Votes:    916/916
Wallets:  450188:916

Id:       917
Winner:   450188
Target:   08426408
Solution: 00976244 (validated)
Votes:    917/917
Wallets:  450188:917

Id:       918
Winner:   450188
Target:   00976244
Solution: 01655373 (validated)
Votes:    918/918
Wallets:  450188:918

Id:       919
Winner:   450188
Target:   01655373
Solution: 01913945 (validated)
Votes:    919/919
Wallets:  450188:919

Id:       920
Winner:   450188
Target:   01913945
Solution: 01267729 (validated)
Votes:    920/920
Wallets:  450188:920

Id:       921
Winner:   450188
Target:   01267729
Solution: 07818404 (validated)
Votes:    921/921
Wallets:  450188:921

Id:       922
Winner:   450188
Target:   07818404
Solution: 08857542 (validated)
Votes:    922/922
Wallets:  450188:922

Id:       923
Winner:   450188
Target:   08857542
Solution: 00203601 (validated)
Votes:    923/923
Wallets:  450188:923

Id:       924
Winner:   450188
Target:   00203601
Solution: 02001693 (validated)
Votes:    924/924
Wallets:  450188:924

Id:       925
Winner:   450188
Target:   02001693
Solution: 00650955 (validated)
Votes:    925/925
Wallets:  450188:925

Id:       926
Winner:   450188
Target:   00650955
Solution: 01071745 (validated)
Votes:    926/926
Wallets:  450188:926

Id:       927
Winner:   450188
Target:   01071745
Solution: 03752532 (validated)
Votes:    927/927
Wallets:  450188:927

Id:       928
Winner:   450188
Target:   03752532
Solution: 07879304 (validated)
Votes:    928/928
Wallets:  450188:928

Id:       929
Winner:   450188
Target:   07879304
Solution: 01190869 (validated)
Votes:    929/929
Wallets:  450188:929

Id:       930
Winner:   450188
Target:   01190869
Solution: 09771915 (validated)
Votes:    930/930
Wallets:  450188:930

Id:       931
Winner:   450188
Target:   09771915
Solution: 07882561 (validated)
Votes:    931/931
Wallets:  450188:931

Id:       932
Winner:   450188
Target:   07882561
Solution: 06364618 (rejected)
Votes:    932/932
Wallets:  450188:932

Id:       933
Winner:   450188
Target:   07882561
Solution: 06364618 (validated)
Votes:    933/933
Wallets:  450188:933

Id:       934
Winner:   450188
Target:   06364618
Solution: 03892008 (rejected)
Votes:    934/934
Wallets:  450188:934

Id:       935
Winner:   450188
Target:   06364618
Solution: 03892008 (validated)
Votes:    935/935
Wallets:  450188:935

Id:       936
Winner:   450188
Target:   03892008
Solution: 05503444 (rejected)
Votes:    936/936
Wallets:  450188:936

Id:       937
Winner:   450188
Target:   03892008
Solution: 05503444 (validated)
Votes:    937/937
Wallets:  450188:937

Id:       938
Winner:   450188
Target:   05503444
Solution: 06653282 (validated)
Votes:    938/938
Wallets:  450188:938

Id:       939
Winner:   450188
Target:   06653282
Solution: 00266533 (validated)
Votes:    939/939
Wallets:  450188:939

Id:       940
Winner:   450188
Target:   00266533
Solution: 04288355 (rejected)
Votes:    940/940
Wallets:  450188:940

Id:       941
Winner:   450188
Target:   00266533
Solution: 04288355 (validated)
Votes:    941/941
Wallets:  450188:941

Id:       942
Winner:   450188
Target:   04288355
Solution: 04319270 (validated)
Votes:    942/942
Wallets:  450188:942

Id:       943
Winner:   450188
Target:   04319270
Solution: 07098272 (rejected)
Votes:    943/943
Wallets:  450188:943

Id:       944
Winner:   450188
Target:   04319270
Solution: 07098272 (validated)
Votes:    944/944
Wallets:  450188:944

Id:       945
Winner:   450188
Target:   07098272
Solution: 05646596 (validated)
Votes:    945/945
Wallets:  450188:945

Id:       946
Winner:   450188
Target:   05646596
Solution: 01874869 (rejected)
Votes:    946/946
Wallets:  450188:946

Id:       947
Winner:   450188
Target:   05646596
Solution: 01874869 (validated)
Votes:    947/947
Wallets:  450188:947

Id:       948
Winner:   450188
Target:   01874869
Solution: 04679290 (validated)
Votes:    948/948
Wallets:  450188:948

Id:       949
Winner:   450188
Target:   04679290
Solution: 09511650 (validated)
Votes:    949/949
Wallets:  450188:949

Id:       950
Winner:   450188
Target:   09511650
Solution: 05879349 (validated)
Votes:    950/950
Wallets:  450188:950

Id:       951
Winner:   450188
Target:   05879349
Solution: 09359480 (validated)
Votes:    951/951
Wallets:  450188:951

Id:       952
Winner:   450188
Target:   09359480
Solution: 05166974 (validated)
Votes:    952/952
Wallets:  450188:952

Id:       953
Winner:   450188
Target:   05166974
Solution: 06618802 (validated)
Votes:    953/953
Wallets:  450188:953

Id:       954
Winner:   450188
Target:   06618802
Solution: 05112835 (validated)
Votes:    954/954
Wallets:  450188:954

Id:       955
Winner:   450188
Target:   05112835
Solution: 03559599 (validated)
Votes:    955/955
Wallets:  450188:955

Id:       956
Winner:   450188
Target:   03559599
Solution: 09562413 (validated)
Votes:    956/956
Wallets:  450188:956

Id:       957
Winner:   450188
Target:   09562413
Solution: 03029382 (validated)
Votes:    957/957
Wallets:  450188:957

Id:       958
Winner:   450188
Target:   03029382
Solution: 02903959 (validated)
Votes:    958/958
Wallets:  450188:958

Id:       959
Winner:   450188
Target:   02903959
Solution: 03408418 (validated)
Votes:    959/959
Wallets:  450188:959

Id:       960
Winner:   450188
Target:   03408418
Solution: 06476626 (validated)
Votes:    960/960
Wallets:  450188:960

Id:       961
Winner:   450188
Target:   06476626
Solution: 02312626 (validated)
Votes:    961/961
Wallets:  450188:961

Id:       962
Winner:   450188
Target:   02312626
Solution: 05602183 (rejected)
Votes:    962/962
Wallets:  450188:962

Id:       963
Winner:   450188
Target:   02312626
Solution: 05602183 (validated)
Votes:    963/963
Wallets:  450188:963

Id:       964
Winner:   450188
Target:   05602183
Solution: 07085629 (validated)
Votes:    964/964
Wallets:  450188:964

Id:       965
Winner:   450188
Target:   07085629
Solution: 01445299 (rejected)
Votes:    965/965
Wallets:  450188:965

Id:       966
Winner:   450188
Target:   07085629
Solution: 01445299 (validated)
Votes:    966/966
Wallets:  450188:966

Id:       967
Winner:   450188
Target:   01445299
Solution: 07976254 (validated)
Votes:    967/967
Wallets:  450188:967

Id:       968
Winner:   450188
Target:   07976254
Solution: 02833263 (validated)
Votes:    968/968
Wallets:  450188:968

Id:       969
Winner:   450188
Target:   02833263
Solution: 07077326 (validated)
Votes:    969/969
Wallets:  450188:969

Id:       970
Winner:   450188
Target:   07077326
Solution: 02305545 (validated)
Votes:    970/970
Wallets:  450188:970

Id:       971
Winner:   450188
Target:   02305545
Solution: 05865016 (validated)
Votes:    971/971
Wallets:  450188:971

Id:       972
Winner:   450188
Target:   05865016
Solution: 08324279 (validated)
Votes:    972/972
Wallets:  450188:972

Id:       973
Winner:   450188
Target:   08324279
Solution: 07486403 (validated)
Votes:    973/973
Wallets:  450188:973

Id:       974
Winner:   450188
Target:   07486403
Solution: 04012015 (validated)
Votes:    974/974
Wallets:  450188:974

Id:       975
Winner:   450188
Target:   04012015
Solution: 03621507 (validated)
Votes:    975/975
Wallets:  450188:975

Id:       976
Winner:   450188
Target:   03621507
Solution: 06360889 (validated)
Votes:    976/976
Wallets:  450188:976

Id:       977
Winner:   450188
Target:   06360889
Solution: 03530607 (validated)
Votes:    977/977
Wallets:  450188:977

Id:       978
Winner:   450188
Target:   03530607
Solution: 05393314 (validated)
Votes:    978/978
Wallets:  450188:978

Id:       979
Winner:   450188
Target:   05393314
Solution: 09588980 (validated)
Votes:    979/979
Wallets:  450188:979

Id:       980
Winner:   450188
Target:   09588980
Solution: 05234171 (validated)
Votes:    980/980
Wallets:  450188:980

Id:       981
Winner:   450188
Target:   05234171
Solution: 08546665 (validated)
Votes:    981/981
Wallets:  450188:981

Id:       982
Winner:   450188
Target:   08546665
Solution: 03831851 (rejected)
Votes:    982/982
Wallets:  450188:982

Id:       983
Winner:   450188
Target:   08546665
Solution: 03831851 (validated)
Votes:    983/983
Wallets:  450188:983

Id:       984
Winner:   450188
Target:   03831851
Solution: 03815496 (validated)
Votes:    984/984
Wallets:  450188:984

Id:       985
Winner:   450188
Target:   03815496
Solution: 02214343 (rejected)
Votes:    985/985
Wallets:  450188:985

Id:       986
Winner:   450188
Target:   03815496
Solution: 02214343 (validated)
Votes:    986/986
Wallets:  450188:986

Id:       987
Winner:   450188
Target:   02214343
Solution: 09332148 (validated)
Votes:    987/987
Wallets:  450188:987

Id:       988
Winner:   450188
Target:   09332148
Solution: 09660418 (validated)
Votes:    988/988
Wallets:  450188:988

Id:       989
Winner:   450188
Target:   09660418
Solution: 00269831 (validated)
Votes:    989/989
Wallets:  450188:989

Id:       990
Winner:   450188
Target:   00269831
Solution: 08959356 (validated)
Votes:    990/990
Wallets:  450188:990

Id:       991
Winner:   450188
Target:   08959356
Solution: 02920636 (rejected)
Votes:    991/991
Wallets:  450188:991

Id:       992
Winner:   450188
Target:   08959356
Solution: 02920636 (validated)
Votes:    992/992
Wallets:  450188:992

Id:       993
Winner:   450188
Target:   02920636
Solution: 09351933 (validated)
Votes:    993/993
Wallets:  450188:993

Id:       994
Winner:   450188
Target:   09351933
Solution: 01877809 (validated)
Votes:    994/994
Wallets:  450188:994

Id:       995
Winner:   450188
Target:   01877809
Solution: 05205520 (validated)
Votes:    995/995
Wallets:  450188:995

Id:       996
Winner:   450188
Target:   05205520
Solution: 05560792 (validated)
Votes:    996/996
Wallets:  450188:996

Id:       997
Winner:   450188
Target:   05560792
Solution: 01819426 (validated)
Votes:    997/997
Wallets:  450188:997

Id:       998
Winner:   450188
Target:   01819426
Solution: 03222996 (validated)
Votes:    998/998
Wallets:  450188:998

Id:       999
Winner:   450188
Target:   03222996
Solution: 01648794 (validated)
Votes:    999/999
Wallets:  450188:999

Id:       1000
Winner:   450188
Target:   01648794
Solution: 05531185 (validated)
Votes:    1000/1000
Wallets:  450188:1000

Id:       1001
Winner:   450188
Target:   05531185
Solution: 05191547 (validated)
Votes:    1001/1001
Wallets:  450188:1001

Id:       1002
Winner:   450188
Target:   05191547
Solution: 02549681 (validated)
Votes:    1002/1002
Wallets:  450188:1002

Id:       1003
Winner:   450188
Target:   02549681
Solution: 04471215 (rejected)
Votes:    1003/1003
Wallets:  450188:1003

Id:       1004
Winner:   450188
Target:   02549681
Solution: 04471215 (validated)
Votes:    1004/1004
Wallets:  450188:1004

Id:       1005
Winner:   450188
Target:   04471215
Solution: 01547318 (rejected)
Votes:    1005/1005
Wallets:  450188:1005

Id:       1006
Winner:   450188
Target:   04471215
Solution: 01547318 (validated)
Votes:    1006/1006
Wallets:  450188:1006

Id:       1007
Winner:   450188
Target:   01547318
Solution: 08179549 (validated)
Votes:    1007/1007
Wallets:  450188:1007

Id:       1008
Winner:   450188
Target:   08179549
Solution: 02596777 (validated)
Votes:    1008/1008
Wallets:  450188:1008

Id:       1009
Winner:   450188
Target:   02596777
Solution: 01474979 (validated)
Votes:    1009/1009
Wallets:  450188:1009

Id:       1010
Winner:   450188
Target:   01474979
Solution: 06147459 (validated)
Votes:    1010/1010
Wallets:  450188:1010

Id:       1011
Winner:   450188
Target:   06147459
Solution: 02463118 (validated)
Votes:    1011/1011
Wallets:  450188:1011

Id:       1012
Winner:   450188
Target:   02463118
Solution: 02749659 (validated)
Votes:    1012/1012
Wallets:  450188:1012

Id:       1013
Winner:   450188
Target:   02749659
Solution: 02722864 (rejected)
Votes:    1013/1013
Wallets:  450188:1013

Id:       1014
Winner:   450188
Target:   02749659
Solution: 02722864 (validated)
Votes:    1014/1014
Wallets:  450188:1014

Id:       1015
Winner:   450188
Target:   02722864
Solution: 08434616 (validated)
Votes:    1015/1015
Wallets:  450188:1015

Id:       1016
Winner:   450188
Target:   08434616
Solution: 05913981 (validated)
Votes:    1016/1016
Wallets:  450188:1016

Id:       1017
Winner:   450188
Target:   05913981
Solution: 09233181 (validated)
Votes:    1017/1017
Wallets:  450188:1017

Id:       1018
Winner:   450188
Target:   09233181
Solution: 07146915 (validated)
Votes:    1018/1018
Wallets:  450188:1018

Id:       1019
Winner:   450188
Target:   07146915
Solution: 02213136 (validated)
Votes:    1019/1019
Wallets:  450188:1019

Id:       1020
Winner:   450188
Target:   02213136
Solution: 09014090 (validated)
Votes:    1020/1020
Wallets:  450188:1020

Id:       1021
Winner:   450188
Target:   09014090
Solution: 09656944 (validated)
Votes:    1021/1021
Wallets:  450188:1021

Id:       1022
Winner:   450188
Target:   09656944
Solution: 04340817 (validated)
Votes:    1022/1022
Wallets:  450188:1022

Id:       1023
Winner:   450188
Target:   04340817
Solution: 05752082 (validated)
Votes:    1023/1023
Wallets:  450188:1023

Id:       1024
Winner:   450188
Target:   05752082
Solution: 04433016 (rejected)
Votes:    1024/1024
Wallets:  450188:1024

Id:       1025
Winner:   450188
Target:   05752082
Solution: 04433016 (rejected)
Votes:    1025/1025
Wallets:  450188:1025

Id:       1026
Winner:   450188
Target:   05752082
Solution: 04433016 (validated)
Votes:    1026/1026
Wallets:  450188:1026

Id:       1027
Winner:   450188
Target:   04433016
Solution: 05421905 (validated)
Votes:    1027/1027
Wallets:  450188:1027

Id:       1028
Winner:   450188
Target:   05421905
Solution: 06239040 (validated)
Votes:    1028/1028
Wallets:  450188:1028

Id:       1029
Winner:   450188
Target:   06239040
Solution: 03858637 (validated)
Votes:    1029/1029
Wallets:  450188:1029

Id:       1030
Winner:   450188
Target:   03858637
Solution: 00652566 (validated)
Votes:    1030/1030
Wallets:  450188:1030

Id:       1031
Winner:   450188
Target:   00652566
Solution: 04726669 (validated)
Votes:    1031/1031
Wallets:  450188:1031

Id:       1032
Winner:   450188
Target:   04726669
Solution: 05239843 (validated)
Votes:    1032/1032
Wallets:  450188:1032

Id:       1033
Winner:   450188
Target:   05239843
Solution: 06297341 (validated)
Votes:    1033/1033
Wallets:  450188:1033

Id:       1034
Winner:   450188
Target:   06297341
Solution: 06846657 (rejected)
Votes:    1034/1034
Wallets:  450188:1034

Id:       1035
Winner:   450188
Target:   06297341
Solution: 06846657 (validated)
Votes:    1035/1035
Wallets:  450188:1035

Id:       1036
Winner:   450188
Target:   06846657
Solution: 05599715 (validated)
Votes:    1036/1036
Wallets:  450188:1036

Id:       1037
Winner:   450188
Target:   05599715
Solution: 01747051 (rejected)
Votes:    1037/1037
Wallets:  450188:1037

Id:       1038
Winner:   450188
Target:   05599715
Solution: 01747051 (validated)
Votes:    1038/1038
Wallets:  450188:1038

Id:       1039
Winner:   450188
Target:   01747051
Solution: 01388497 (validated)
Votes:    1039/1039
Wallets:  450188:1039

Id:       1040
Winner:   450188
Target:   01388497
Solution: 01481899 (validated)
Votes:    1040/1040
Wallets:  450188:1040

Id:       1041
Winner:   450188
Target:   01481899
Solution: 03713445 (validated)
Votes:    1041/1041
Wallets:  450188:1041

Id:       1042
Winner:   450188
Target:   03713445
Solution: 09962671 (validated)
Votes:    1042/1042
Wallets:  450188:1042

Id:       1043
Winner:   450188
Target:   09962671
Solution: 05095670 (validated)
Votes:    1043/1043
Wallets:  450188:1043

Id:       1044
Winner:   450188
Target:   05095670
Solution: 01405395 (validated)
Votes:    1044/1044
Wallets:  450188:1044

Id:       1045
Winner:   450188
Target:   01405395
Solution: 05934711 (rejected)
Votes:    1045/1045
Wallets:  450188:1045

Id:       1046
Winner:   450188
Target:   01405395
Solution: 05934711 (validated)
Votes:    1046/1046
Wallets:  450188:1046

Id:       1047
Winner:   450188
Target:   05934711
Solution: 03762081 (validated)
Votes:    1047/1047
Wallets:  450188:1047

Id:       1048
Winner:   450188
Target:   03762081
Solution: 02957352 (validated)
Votes:    1048/1048
Wallets:  450188:1048

Id:       1049
Winner:   450188
Target:   02957352
Solution: 00009021 (validated)
Votes:    1049/1049
Wallets:  450188:1049

Id:       1050
Winner:   450188
Target:   00009021
Solution: 00227469 (validated)
Votes:    1050/1050
Wallets:  450188:1050

Id:       1051
Winner:   450188
Target:   00227469
Solution: 00968921 (validated)
Votes:    1051/1051
Wallets:  450188:1051

Id:       1052
Winner:   450188
Target:   00968921
Solution: 02691029 (validated)
Votes:    1052/1052
Wallets:  450188:1052

Id:       1053
Winner:   450188
Target:   02691029
Solution: 01818320 (validated)
Votes:    1053/1053
Wallets:  450188:1053

Id:       1054
Winner:   450188
Target:   01818320
Solution: 08738003 (validated)
Votes:    1054/1054
Wallets:  450188:1054

Id:       1055
Winner:   450188
Target:   08738003
Solution: 09514552 (validated)
Votes:    1055/1055
Wallets:  450188:1055

Id:       1056
Winner:   450188
Target:   09514552
Solution: 02726154 (validated)
Votes:    1056/1056
Wallets:  450188:1056

Id:       1057
Winner:   450188
Target:   02726154
Solution: 07595250 (validated)
Votes:    1057/1057
Wallets:  450188:1057

Id:       1058
Winner:   450188
Target:   07595250
Solution: 03397106 (rejected)
Votes:    1058/1058
Wallets:  450188:1058

Id:       1059
Winner:   450188
Target:   07595250
Solution: 03397106 (validated)
Votes:    1059/1059
Wallets:  450188:1059

Id:       1060
Winner:   450188
Target:   03397106
Solution: 03023651 (validated)
Votes:    1060/1060
Wallets:  450188:1060

Id:       1061
Winner:   450188
Target:   03023651
Solution: 00755978 (validated)
Votes:    1061/1061
Wallets:  450188:1061

Id:       1062
Winner:   450188
Target:   00755978
Solution: 05893418 (validated)
Votes:    1062/1062
Wallets:  450188:1062

Id:       1063
Winner:   450188
Target:   05893418
Solution: 08511116 (validated)
Votes:    1063/1063
Wallets:  450188:1063

Id:       1064
Winner:   450188
Target:   08511116
Solution: 05936380 (validated)
Votes:    1064/1064
Wallets:  450188:1064

Id:       1065
Winner:   450188
Target:   05936380
Solution: 09875802 (validated)
Votes:    1065/1065
Wallets:  450188:1065

Id:       1066
Winner:   450188
Target:   09875802
Solution: 00054789 (validated)
Votes:    1066/1066
Wallets:  450188:1066

Id:       1067
Winner:   450188
Target:   00054789
Solution: 02298435 (validated)
Votes:    1067/1067
Wallets:  450188:1067

Id:       1068
Winner:   450188
Target:   02298435
Solution: 09897299 (validated)
Votes:    1068/1068
Wallets:  450188:1068

Id:       1069
Winner:   450188
Target:   09897299
Solution: 01760169 (rejected)
Votes:    1069/1069
Wallets:  450188:1069

Id:       1070
Winner:   450188
Target:   09897299
Solution: 01760169 (validated)
Votes:    1070/1070
Wallets:  450188:1070

Id:       1071
Winner:   450188
Target:   01760169
Solution: 06592970 (validated)
Votes:    1071/1071
Wallets:  450188:1071

Id:       1072
Winner:   450188
Target:   06592970
Solution: 08038452 (validated)
Votes:    1072/1072
Wallets:  450188:1072

Id:       1073
Winner:   450188
Target:   08038452
Solution: 01928027 (validated)
Votes:    1073/1073
Wallets:  450188:1073

Id:       1074
Winner:   450188
Target:   01928027
Solution: 05624575 (validated)
Votes:    1074/1074
Wallets:  450188:1074

Id:       1075
Winner:   450188
Target:   05624575
Solution: 04156391 (validated)
Votes:    1075/1075
Wallets:  450188:1075

Id:       1076
Winner:   450188
Target:   04156391
Solution: 02122697 (validated)
Votes:    1076/1076
Wallets:  450188:1076

Id:       1077
Winner:   450188
Target:   02122697
Solution: 01905973 (validated)
Votes:    1077/1077
Wallets:  450188:1077

Id:       1078
Winner:   450188
Target:   01905973
Solution: 03921515 (rejected)
Votes:    1078/1078
Wallets:  450188:1078

Id:       1079
Winner:   450188
Target:   01905973
Solution: 03921515 (validated)
Votes:    1079/1079
Wallets:  450188:1079

Id:       1080
Winner:   450188
Target:   03921515
Solution: 08234463 (validated)
Votes:    1080/1080
Wallets:  450188:1080

Id:       1081
Winner:   450188
Target:   08234463
Solution: 08345130 (validated)
Votes:    1081/1081
Wallets:  450188:1081

Id:       1082
Winner:   450188
Target:   08345130
Solution: 06627740 (rejected)
Votes:    1082/1082
Wallets:  450188:1082

Id:       1083
Winner:   450188
Target:   08345130
Solution: 06627740 (validated)
Votes:    1083/1083
Wallets:  450188:1083

Id:       1084
Winner:   450188
Target:   06627740
Solution: 05488438 (validated)
Votes:    1084/1084
Wallets:  450188:1084

Id:       1085
Winner:   450188
Target:   05488438
Solution: 00702807 (validated)
Votes:    1085/1085
Wallets:  450188:1085

Id:       1086
Winner:   450188
Target:   00702807
Solution: 09740620 (validated)
Votes:    1086/1086
Wallets:  450188:1086

Id:       1087
Winner:   450188
Target:   09740620
Solution: 08300097 (validated)
Votes:    1087/1087
Wallets:  450188:1087

Id:       1088
Winner:   450188
Target:   08300097
Solution: 09687180 (validated)
Votes:    1088/1088
Wallets:  450188:1088

Id:       1089
Winner:   450188
Target:   09687180
Solution: 00571194 (validated)
Votes:    1089/1089
Wallets:  450188:1089

Id:       1090
Winner:   450188
Target:   00571194
Solution: 08116959 (validated)
Votes:    1090/1090
Wallets:  450188:1090

Id:       1091
Winner:   450188
Target:   08116959
Solution: 03431849 (validated)
Votes:    1091/1091
Wallets:  450188:1091

Id:       1092
Winner:   450188
Target:   03431849
Solution: 08120103 (validated)
Votes:    1092/1092
Wallets:  450188:1092

Id:       1093
Winner:   450188
Target:   08120103
Solution: 09503528 (validated)
Votes:    1093/1093
Wallets:  450188:1093

Id:       1094
Winner:   450188
Target:   09503528
Solution: 07690148 (validated)
Votes:    1094/1094
Wallets:  450188:1094

Id:       1095
Winner:   450188
Target:   07690148
Solution: 06304490 (validated)
Votes:    1095/1095
Wallets:  450188:1095

Id:       1096
Winner:   450188
Target:   06304490
Solution: 08432307 (validated)
Votes:    1096/1096
Wallets:  450188:1096

Id:       1097
Winner:   450188
Target:   08432307
Solution: 08867265 (validated)
Votes:    1097/1097
Wallets:  450188:1097

Id:       1098
Winner:   450188
Target:   08867265
Solution: 02658040 (validated)
Votes:    1098/1098
Wallets:  450188:1098

Id:       1099
Winner:   450188
Target:   02658040
Solution: 07645617 (validated)
Votes:    1099/1099
Wallets:  450188:1099

Id:       1100
Winner:   450188
Target:   07645617
Solution: 02720640 (validated)
Votes:    1100/1100
Wallets:  450188:1100

Id:       1101
Winner:   450188
Target:   02720640
Solution: 06200231 (validated)
Votes:    1101/1101
Wallets:  450188:1101

Id:       1102
Winner:   450188
Target:   06200231
Solution: 04971590 (validated)
Votes:    1102/1102
Wallets:  450188:1102

Id:       1103
Winner:   450188
Target:   04971590
Solution: 05924878 (validated)
Votes:    1103/1103
Wallets:  450188:1103

Id:       1104
Winner:   450188
Target:   05924878
Solution: 08021096 (rejected)
Votes:    1104/1104
Wallets:  450188:1104

Id:       1105
Winner:   450188
Target:   05924878
Solution: 08021096 (rejected)
Votes:    1105/1105
Wallets:  450188:1105

Id:       1106
Winner:   450188
Target:   05924878
Solution: 08021096 (validated)
Votes:    1106/1106
Wallets:  450188:1106

Id:       1107
Winner:   450188
Target:   08021096
Solution: 09431281 (validated)
Votes:    1107/1107
Wallets:  450188:1107

Id:       1108
Winner:   450188
Target:   09431281
Solution: 04042248 (validated)
Votes:    1108/1108
Wallets:  450188:1108

Id:       1109
Winner:   450188
Target:   04042248
Solution: 04034057 (validated)
Votes:    1109/1109
Wallets:  450188:1109

Id:       1110
Winner:   450188
Target:   04034057
Solution: 02057865 (validated)
Votes:    1110/1110
Wallets:  450188:1110

Id:       1111
Winner:   450188
Target:   02057865
Solution: 05604304 (validated)
Votes:    1111/1111
Wallets:  450188:1111

Id:       1112
Winner:   450188
Target:   05604304
Solution: 09607630 (validated)
Votes:    1112/1112
Wallets:  450188:1112

Id:       1113
Winner:   450188
Target:   09607630
Solution: 06736019 (validated)
Votes:    1113/1113
Wallets:  450188:1113

Id:       1114
Winner:   450188
Target:   06736019
Solution: 03547655 (rejected)
Votes:    1114/1114
Wallets:  450188:1114

Id:       1115
Winner:   450188
Target:   06736019
Solution: 03547655 (validated)
Votes:    1115/1115
Wallets:  450188:1115

Id:       1116
Winner:   450188
Target:   03547655
Solution: 00691416 (rejected)
Votes:    1116/1116
Wallets:  450188:1116

Id:       1117
Winner:   450188
Target:   03547655
Solution: 00691416 (validated)
Votes:    1117/1117
Wallets:  450188:1117

Id:       1118
Winner:   450188
Target:   00691416
Solution: 03110968 (validated)
Votes:    1118/1118
Wallets:  450188:1118

Id:       1119
Winner:   450188
Target:   03110968
Solution: 04448804 (validated)
Votes:    1119/1119
Wallets:  450188:1119

Id:       1120
Winner:   450188
Target:   04448804
Solution: 07635692 (validated)
Votes:    1120/1120
Wallets:  450188:1120

Id:       1121
Winner:   450188
Target:   07635692
Solution: 08595465 (validated)
Votes:    1121/1121
Wallets:  450188:1121

Id:       1122
Winner:   450188
Target:   08595465
Solution: 04813237 (validated)
Votes:    1122/1122
Wallets:  450188:1122

Id:       1123
Winner:   450188
Target:   04813237
Solution: 06656242 (validated)
Votes:    1123/1123
Wallets:  450188:1123

Id:       1124
Winner:   450188
Target:   06656242
Solution: 09569832 (rejected)
Votes:    1124/1124
Wallets:  450188:1124

Id:       1125
Winner:   450188
Target:   06656242
Solution: 09569832 (validated)
Votes:    1125/1125
Wallets:  450188:1125

Id:       1126
Winner:   450188
Target:   09569832
Solution: 08131948 (validated)
Votes:    1126/1126
Wallets:  450188:1126

Id:       1127
Winner:   450188
Target:   08131948
Solution: 06420779 (rejected)
Votes:    1127/1127
Wallets:  450188:1127

Id:       1128
Winner:   450188
Target:   08131948
Solution: 06420779 (validated)
Votes:    1128/1128
Wallets:  450188:1128

Id:       1129
Winner:   450188
Target:   06420779
Solution: 07517163 (validated)
Votes:    1129/1129
Wallets:  450188:1129

Id:       1130
Winner:   450188
Target:   07517163
Solution: 06253187 (validated)
Votes:    1130/1130
Wallets:  450188:1130

Id:       1131
Winner:   450188
Target:   06253187
Solution: 04248442 (validated)
Votes:    1131/1131
Wallets:  450188:1131

Id:       1132
Winner:   450188
Target:   04248442
Solution: 04826549 (rejected)
Votes:    1132/1132
Wallets:  450188:1132

Id:       1133
Winner:   450188
Target:   04248442
Solution: 04826549 (validated)
Votes:    1133/1133
Wallets:  450188:1133

Id:       1134
Winner:   450188
Target:   04826549
Solution: 08018781 (validated)
Votes:    1134/1134
Wallets:  450188:1134

Id:       1135
Winner:   450188
Target:   08018781
Solution: 00753517 (rejected)
Votes:    1135/1135
Wallets:  450188:1135

Id:       1136
Winner:   450188
Target:   08018781
Solution: 00753517 (validated)
Votes:    1136/1136
Wallets:  450188:1136

Id:       1137
Winner:   450188
Target:   00753517
Solution: 04126699 (validated)
Votes:    1137/1137
Wallets:  450188:1137

Id:       1138
Winner:   450188
Target:   04126699
Solution: 00684790 (validated)
Votes:    1138/1138
Wallets:  450188:1138

Id:       1139
Winner:   450188
Target:   00684790
Solution: 05597605 (validated)
Votes:    1139/1139
Wallets:  450188:1139

Id:       1140
Winner:   450188
Target:   05597605
Solution: 00553244 (validated)
Votes:    1140/1140
Wallets:  450188:1140

Id:       1141
Winner:   450188
Target:   00553244
Solution: 03883919 (validated)
Votes:    1141/1141
Wallets:  450188:1141

Id:       1142
Winner:   450188
Target:   03883919
Solution: 01301128 (validated)
Votes:    1142/1142
Wallets:  450188:1142

Id:       1143
Winner:   450188
Target:   01301128
Solution: 06961324 (validated)
Votes:    1143/1143
Wallets:  450188:1143

Id:       1144
Winner:   450188
Target:   06961324
Solution: 09699150 (validated)
Votes:    1144/1144
Wallets:  450188:1144

Id:       1145
Winner:   450188
Target:   09699150
Solution: 09854914 (validated)
Votes:    1145/1145
Wallets:  450188:1145

Id:       1146
Winner:   450188
Target:   09854914
Solution: 09170232 (validated)
Votes:    1146/1146
Wallets:  450188:1146

Id:       1147
Winner:   450188
Target:   09170232
Solution: 01898708 (validated)
Votes:    1147/1147
Wallets:  450188:1147

Id:       1148
Winner:   450188
Target:   01898708
Solution: 07415968 (validated)
Votes:    1148/1148
Wallets:  450188:1148

Id:       1149
Winner:   450188
Target:   07415968
Solution: 03748964 (validated)
Votes:    1149/1149
Wallets:  450188:1149

Id:       1150
Winner:   450188
Target:   03748964
Solution: 09689084 (validated)
Votes:    1150/1150
Wallets:  450188:1150

Id:       1151
Winner:   450188
Target:   09689084
Solution: 02340233 (validated)
Votes:    1151/1151
Wallets:  450188:1151

Id:       1152
Winner:   450188
Target:   02340233
Solution: 04320498 (rejected)
Votes:    1152/1152
Wallets:  450188:1152

Id:       1153
Winner:   450188
Target:   02340233
Solution: 04320498 (validated)
Votes:    1153/1153
Wallets:  450188:1153

Id:       1154
Winner:   450188
Target:   04320498
Solution: 08134210 (validated)
Votes:    1154/1154
Wallets:  450188:1154

Id:       1155
Winner:   450188
Target:   08134210
Solution: 02336892 (validated)
Votes:    1155/1155
Wallets:  450188:1155

Id:       1156
Winner:   450188
Target:   02336892
Solution: 06272926 (validated)
Votes:    1156/1156
Wallets:  450188:1156

Id:       1157
Winner:   450188
Target:   06272926
Solution: 07271435 (validated)
Votes:    1157/1157
Wallets:  450188:1157

Id:       1158
Winner:   450188
Target:   07271435
Solution: 00832928 (validated)
Votes:    1158/1158
Wallets:  450188:1158

Id:       1159
Winner:   450188
Target:   00832928
Solution: 08444778 (validated)
Votes:    1159/1159
Wallets:  450188:1159

Id:       1160
Winner:   450188
Target:   08444778
Solution: 09569187 (validated)
Votes:    1160/1160
Wallets:  450188:1160

Id:       1161
Winner:   450188
Target:   09569187
Solution: 07506413 (validated)
Votes:    1161/1161
Wallets:  450188:1161

Id:       1162
Winner:   450188
Target:   07506413
Solution: 02492735 (validated)
Votes:    1162/1162
Wallets:  450188:1162

Id:       1163
Winner:   450188
Target:   02492735
Solution: 08764921 (validated)
Votes:    1163/1163
Wallets:  450188:1163

Id:       1164
Winner:   450188
Target:   08764921
Solution: 02294556 (validated)
Votes:    1164/1164
Wallets:  450188:1164

Id:       1165
Winner:   450188
Target:   02294556
Solution: 08692911 (validated)
Votes:    1165/1165
Wallets:  450188:1165

Id:       1166
Winner:   450188
Target:   08692911
Solution: 08176687 (validated)
Votes:    1166/1166
Wallets:  450188:1166

Id:       1167
Winner:   450188
Target:   08176687
Solution: 03308716 (validated)
Votes:    1167/1167
Wallets:  450188:1167

Id:       1168
Winner:   450188
Target:   03308716
Solution: 08830414 (validated)
Votes:    1168/1168
Wallets:  450188:1168

Id:       1169
Winner:   450188
Target:   08830414
Solution: 00244797 (validated)
Votes:    1169/1169
Wallets:  450188:1169

Id:       1170
Winner:   450188
Target:   00244797
Solution: 09171322 (rejected)
Votes:    1170/1170
Wallets:  450188:1170

Id:       1171
Winner:   450188
Target:   00244797
Solution: 09171322 (validated)
Votes:    1171/1171
Wallets:  450188:1171

Id:       1172
Winner:   450188
Target:   09171322
Solution: 05358361 (validated)
Votes:    1172/1172
Wallets:  450188:1172

Id:       1173
Winner:   450188
Target:   05358361
Solution: 07311425 (validated)
Votes:    1173/1173
Wallets:  450188:1173

Id:       1174
Winner:   450188
Target:   07311425
Solution: 09623007 (validated)
Votes:    1174/1174
Wallets:  450188:1174

Id:       1175
Winner:   450188
Target:   09623007
Solution: 02041081 (validated)
Votes:    1175/1175
Wallets:  450188:1175

Id:       1176
Winner:   450188
Target:   02041081
Solution: 02192070 (validated)
Votes:    1176/1176
Wallets:  450188:1176

Id:       1177
Winner:   450188
Target:   02192070
Solution: 02999110 (validated)
Votes:    1177/1177
Wallets:  450188:1177

Id:       1178
Winner:   450188
Target:   02999110
Solution: 06871173 (rejected)
Votes:    1178/1178
Wallets:  450188:1178

Id:       1179
Winner:   450188
Target:   02999110
Solution: 06871173 (validated)
Votes:    1179/1179
Wallets:  450188:1179

Id:       1180
Winner:   450188
Target:   06871173
Solution: 01010305 (rejected)
Votes:    1180/1180
Wallets:  450188:1180

Id:       1181
Winner:   450188
Target:   06871173
Solution: 01010305 (validated)
Votes:    1181/1181
Wallets:  450188:1181

Id:       1182
Winner:   450188
Target:   01010305
Solution: 04385373 (validated)
Votes:    1182/1182
Wallets:  450188:1182

Id:       1183
Winner:   450188
Target:   04385373
Solution: 07810147 (validated)
Votes:    1183/1183
Wallets:  450188:1183

Id:       1184
Winner:   450188
Target:   07810147
Solution: 08909883 (validated)
Votes:    1184/1184
Wallets:  450188:1184

Id:       1185
Winner:   450188
Target:   08909883
Solution: 07021673 (validated)
Votes:    1185/1185
Wallets:  450188:1185

Id:       1186
Winner:   450188
Target:   07021673
Solution: 03668148 (validated)
Votes:    1186/1186
Wallets:  450188:1186

Id:       1187
Winner:   450188
Target:   03668148
Solution: 01140849 (validated)
Votes:    1187/1187
Wallets:  450188:1187

Id:       1188
Winner:   450188
Target:   01140849
Solution: 03267261 (validated)
Votes:    1188/1188
Wallets:  450188:1188

Id:       1189
Winner:   450188
Target:   03267261
Solution: 09469760 (validated)
Votes:    1189/1189
Wallets:  450188:1189

Id:       1190
Winner:   450188
Target:   09469760
Solution: 03074263 (validated)
Votes:    1190/1190
Wallets:  450188:1190

Id:       1191
Winner:   450188
Target:   03074263
Solution: 05122213 (validated)
Votes:    1191/1191
Wallets:  450188:1191

Id:       1192
Winner:   450188
Target:   05122213
Solution: 07074477 (validated)
Votes:    1192/1192
Wallets:  450188:1192

Id:       1193
Winner:   450188
Target:   07074477
Solution: 08222694 (validated)
Votes:    1193/1193
Wallets:  450188:1193

Id:       1194
Winner:   450188
Target:   08222694
Solution: 08789032 (validated)
Votes:    1194/1194
Wallets:  450188:1194

Id:       1195
Winner:   450188
Target:   08789032
Solution: 02427469 (validated)
Votes:    1195/1195
Wallets:  450188:1195

Id:       1196
Winner:   450188
Target:   02427469
Solution: 00959631 (validated)
Votes:    1196/1196
Wallets:  450188:1196

Id:       1197
Winner:   450188
Target:   00959631
Solution: 09801703 (validated)
Votes:    1197/1197
Wallets:  450188:1197

Id:       1198
Winner:   450188
Target:   09801703
Solution: 05460993 (rejected)
Votes:    1198/1198
Wallets:  450188:1198

Id:       1199
Winner:   450188
Target:   09801703
Solution: 05460993 (validated)
Votes:    1199/1199
Wallets:  450188:1199

Id:       1200
Winner:   450188
Target:   05460993
Solution: 06094181 (validated)
Votes:    1200/1200
Wallets:  450188:1200

Id:       1201
Winner:   450188
Target:   06094181
Solution: 08841601 (validated)
Votes:    1201/1201
Wallets:  450188:1201

Id:       1202
Winner:   450188
Target:   08841601
Solution: 01329000 (validated)
Votes:    1202/1202
Wallets:  450188:1202

Id:       1203
Winner:   450188
Target:   01329000
Solution: 09501712 (validated)
Votes:    1203/1203
Wallets:  450188:1203

Id:       1204
Winner:   450188
Target:   09501712
Solution: 06548964 (validated)
Votes:    1204/1204
Wallets:  450188:1204

Id:       1205
Winner:   450188
Target:   06548964
Solution: 02406208 (validated)
Votes:    1205/1205
Wallets:  450188:1205

Id:       1206
Winner:   450188
Target:   02406208
Solution: 06845774 (rejected)
Votes:    1206/1206
Wallets:  450188:1206

Id:       1207
Winner:   450188
Target:   02406208
Solution: 06845774 (validated)
Votes:    1207/1207
Wallets:  450188:1207

Id:       1208
Winner:   450188
Target:   06845774
Solution: 03503338 (validated)
Votes:    1208/1208
Wallets:  450188:1208

Id:       1209
Winner:   450188
Target:   03503338
Solution: 02042701 (rejected)
Votes:    1209/1209
Wallets:  450188:1209

Id:       1210
Winner:   450188
Target:   03503338
Solution: 02042701 (validated)
Votes:    1210/1210
Wallets:  450188:1210

Id:       1211
Winner:   450188
Target:   02042701
Solution: 03298172 (validated)
Votes:    1211/1211
Wallets:  450188:1211

Id:       1212
Winner:   450188
Target:   03298172
Solution: 04494730 (validated)
Votes:    1212/1212
Wallets:  450188:1212

Id:       1213
Winner:   450188
Target:   04494730
Solution: 06062315 (validated)
Votes:    1213/1213
Wallets:  450188:1213

Id:       1214
Winner:   450188
Target:   06062315
Solution: 02117739 (rejected)
Votes:    1214/1214
Wallets:  450188:1214

Id:       1215
Winner:   450188
Target:   06062315
Solution: 02117739 (validated)
Votes:    1215/1215
Wallets:  450188:1215

Id:       1216
Winner:   450188
Target:   02117739
Solution: 08567823 (rejected)
Votes:    1216/1216
Wallets:  450188:1216

Id:       1217
Winner:   450188
Target:   02117739
Solution: 08567823 (validated)
Votes:    1217/1217
Wallets:  450188:1217

Id:       1218
Winner:   450188
Target:   08567823
Solution: 08231021 (rejected)
Votes:    1218/1218
Wallets:  450188:1218

Id:       1219
Winner:   450188
Target:   08567823
Solution: 08231021 (validated)
Votes:    1219/1219
Wallets:  450188:1219

Id:       1220
Winner:   450188
Target:   08231021
Solution: 04464493 (rejected)
Votes:    1220/1220
Wallets:  450188:1220

Id:       1221
Winner:   450188
Target:   08231021
Solution: 04464493 (validated)
Votes:    1221/1221
Wallets:  450188:1221

Id:       1222
Winner:   450188
Target:   04464493
Solution: 07893430 (validated)
Votes:    1222/1222
Wallets:  450188:1222

Id:       1223
Winner:   450188
Target:   07893430
Solution: 00862794 (validated)
Votes:    1223/1223
Wallets:  450188:1223

Id:       1224
Winner:   450188
Target:   00862794
Solution: 07261379 (rejected)
Votes:    1224/1224
Wallets:  450188:1224

Id:       1225
Winner:   450188
Target:   00862794
Solution: 07261379 (validated)
Votes:    1225/1225
Wallets:  450188:1225

Id:       1226
Winner:   450188
Target:   07261379
Solution: 02705630 (validated)
Votes:    1226/1226
Wallets:  450188:1226

Id:       1227
Winner:   450188
Target:   02705630
Solution: 02493421 (validated)
Votes:    1227/1227
Wallets:  450188:1227

Id:       1228
Winner:   450188
Target:   02493421
Solution: 08887708 (validated)
Votes:    1228/1228
Wallets:  450188:1228

Id:       1229
Winner:   450188
Target:   08887708
Solution: 00706176 (rejected)
Votes:    1229/1229
Wallets:  450188:1229

Id:       1230
Winner:   450188
Target:   08887708
Solution: 00706176 (validated)
Votes:    1230/1230
Wallets:  450188:1230

Id:       1231
Winner:   450188
Target:   00706176
Solution: 02080234 (validated)
Votes:    1231/1231
Wallets:  450188:1231

Id:       1232
Winner:   450188
Target:   02080234
Solution: 08077867 (validated)
Votes:    1232/1232
Wallets:  450188:1232

Id:       1233
Winner:   450188
Target:   08077867
Solution: 05820373 (validated)
Votes:    1233/1233
Wallets:  450188:1233

Id:       1234
Winner:   450188
Target:   05820373
Solution: 07576867 (validated)
Votes:    1234/1234
Wallets:  450188:1234

Id:       1235
Winner:   450188
Target:   07576867
Solution: 09594347 (validated)
Votes:    1235/1235
Wallets:  450188:1235

Id:       1236
Winner:   450188
Target:   09594347
Solution: 01604030 (validated)
Votes:    1236/1236
Wallets:  450188:1236

Id:       1237
Winner:   450188
Target:   01604030
Solution: 00171336 (validated)
Votes:    1237/1237
Wallets:  450188:1237

Id:       1238
Winner:   450188
Target:   00171336
Solution: 01633505 (validated)
Votes:    1238/1238
Wallets:  450188:1238

Id:       1239
Winner:   450188
Target:   01633505
Solution: 00856281 (validated)
Votes:    1239/1239
Wallets:  450188:1239

Id:       1240
Winner:   450188
Target:   00856281
Solution: 08850086 (rejected)
Votes:    1240/1240
Wallets:  450188:1240

Id:       1241
Winner:   450188
Target:   00856281
Solution: 08850086 (validated)
Votes:    1241/1241
Wallets:  450188:1241

Id:       1242
Winner:   450188
Target:   08850086
Solution: 03357815 (validated)
Votes:    1242/1242
Wallets:  450188:1242

Id:       1243
Winner:   450188
Target:   03357815
Solution: 09559266 (validated)
Votes:    1243/1243
Wallets:  450188:1243

Id:       1244
Winner:   450188
Target:   09559266
Solution: 01139876 (rejected)
Votes:    1244/1244
Wallets:  450188:1244

Id:       1245
Winner:   450188
Target:   09559266
Solution: 01139876 (validated)
Votes:    1245/1245
Wallets:  450188:1245

Id:       1246
Winner:   450188
Target:   01139876
Solution: 06663710 (validated)
Votes:    1246/1246
Wallets:  450188:1246

Id:       1247
Winner:   450188
Target:   06663710
Solution: 09682320 (validated)
Votes:    1247/1247
Wallets:  450188:1247

Id:       1248
Winner:   450188
Target:   09682320
Solution: 07250585 (validated)
Votes:    1248/1248
Wallets:  450188:1248

Id:       1249
Winner:   450188
Target:   07250585
Solution: 03630099 (validated)
Votes:    1249/1249
Wallets:  450188:1249

Id:       1250
Winner:   450188
Target:   03630099
Solution: 05858423 (validated)
Votes:    1250/1250
Wallets:  450188:1250

Id:       1251
Winner:   450188
Target:   05858423
Solution: 04797801 (validated)
Votes:    1251/1251
Wallets:  450188:1251

Id:       1252
Winner:   450188
Target:   04797801
Solution: 06953875 (validated)
Votes:    1252/1252
Wallets:  450188:1252

Id:       1253
Winner:   450188
Target:   06953875
Solution: 06427526 (validated)
Votes:    1253/1253
Wallets:  450188:1253

Id:       1254
Winner:   450188
Target:   06427526
Solution: 09642963 (validated)
Votes:    1254/1254
Wallets:  450188:1254

Id:       1255
Winner:   450188
Target:   09642963
Solution: 05817036 (validated)
Votes:    1255/1255
Wallets:  450188:1255

Id:       1256
Winner:   450188
Target:   05817036
Solution: 07285630 (validated)
Votes:    1256/1256
Wallets:  450188:1256

Id:       1257
Winner:   450188
Target:   07285630
Solution: 04291844 (validated)
Votes:    1257/1257
Wallets:  450188:1257

Id:       1258
Winner:   450188
Target:   04291844
Solution: 09330510 (validated)
Votes:    1258/1258
Wallets:  450188:1258

Id:       1259
Winner:   450188
Target:   09330510
Solution: 03654263 (validated)
Votes:    1259/1259
Wallets:  450188:1259

Id:       1260
Winner:   450188
Target:   03654263
Solution: 08755290 (validated)
Votes:    1260/1260
Wallets:  450188:1260

Id:       1261
Winner:   450188
Target:   08755290
Solution: 08222004 (validated)
Votes:    1261/1261
Wallets:  450188:1261

Id:       1262
Winner:   450188
Target:   08222004
Solution: 00912213 (validated)
Votes:    1262/1262
Wallets:  450188:1262

Id:       1263
Winner:   450188
Target:   00912213
Solution: 08455577 (validated)
Votes:    1263/1263
Wallets:  450188:1263

Id:       1264
Winner:   450188
Target:   08455577
Solution: 08339561 (validated)
Votes:    1264/1264
Wallets:  450188:1264

Id:       1265
Winner:   450188
Target:   08339561
Solution: 08589448 (validated)
Votes:    1265/1265
Wallets:  450188:1265

Id:       1266
Winner:   450188
Target:   08589448
Solution: 08123000 (validated)
Votes:    1266/1266
Wallets:  450188:1266

Id:       1267
Winner:   450188
Target:   08123000
Solution: 06655490 (validated)
Votes:    1267/1267
Wallets:  450188:1267

Id:       1268
Winner:   450188
Target:   06655490
Solution: 01477881 (validated)
Votes:    1268/1268
Wallets:  450188:1268

Id:       1269
Winner:   450188
Target:   01477881
Solution: 02994264 (validated)
Votes:    1269/1269
Wallets:  450188:1269

Id:       1270
Winner:   450188
Target:   02994264
Solution: 00698888 (validated)
Votes:    1270/1270
Wallets:  450188:1270

Id:       1271
Winner:   450188
Target:   00698888
Solution: 00979791 (validated)
Votes:    1271/1271
Wallets:  450188:1271

Id:       1272
Winner:   450188
Target:   00979791
Solution: 09125410 (validated)
Votes:    1272/1272
Wallets:  450188:1272

Id:       1273
Winner:   450188
Target:   09125410
Solution: 04077759 (validated)
Votes:    1273/1273
Wallets:  450188:1273

Id:       1274
Winner:   450188
Target:   04077759
Solution: 08247800 (validated)
Votes:    1274/1274
Wallets:  450188:1274

Id:       1275
Winner:   450188
Target:   08247800
Solution: 08181884 (rejected)
Votes:    1275/1275
Wallets:  450188:1275

Id:       1276
Winner:   450188
Target:   08247800
Solution: 08181884 (rejected)
Votes:    1276/1276
Wallets:  450188:1276

Id:       1277
Winner:   450188
Target:   08247800
Solution: 08181884 (validated)
Votes:    1277/1277
Wallets:  450188:1277

Id:       1278
Winner:   450188
Target:   08181884
Solution: 00056216 (validated)
Votes:    1278/1278
Wallets:  450188:1278

Id:       1279
Winner:   450188
Target:   00056216
Solution: 09184979 (validated)
Votes:    1279/1279
Wallets:  450188:1279

Id:       1280
Winner:   450188
Target:   09184979
Solution: 05660461 (validated)
Votes:    1280/1280
Wallets:  450188:1280

Id:       1281
Winner:   450188
Target:   05660461
Solution: 05478753 (validated)
Votes:    1281/1281
Wallets:  450188:1281

Id:       1282
Winner:   450188
Target:   05478753
Solution: 01927793 (validated)
Votes:    1282/1282
Wallets:  450188:1282

Id:       1283
Winner:   450188
Target:   01927793
Solution: 01910068 (validated)
Votes:    1283/1283
Wallets:  450188:1283

Id:       1284
Winner:   450188
Target:   01910068
Solution: 03940357 (validated)
Votes:    1284/1284
Wallets:  450188:1284

Id:       1285
Winner:   450188
Target:   03940357
Solution: 02017361 (validated)
Votes:    1285/1285
Wallets:  450188:1285

Id:       1286
Winner:   450188
Target:   02017361
Solution: 00190813 (validated)
Votes:    1286/1286
Wallets:  450188:1286

Id:       1287
Winner:   450188
Target:   00190813
Solution: 06649949 (validated)
Votes:    1287/1287
Wallets:  450188:1287

Id:       1288
Winner:   450188
Target:   06649949
Solution: 07729328 (validated)
Votes:    1288/1288
Wallets:  450188:1288

Id:       1289
Winner:   450188
Target:   07729328
Solution: 04543821 (validated)
Votes:    1289/1289
Wallets:  450188:1289

Id:       1290
Winner:   450188
Target:   04543821
Solution: 01280800 (validated)
Votes:    1290/1290
Wallets:  450188:1290

Id:       1291
Winner:   450188
Target:   01280800
Solution: 01894577 (validated)
Votes:    1291/1291
Wallets:  450188:1291

Id:       1292
Winner:   450188
Target:   01894577
Solution: 07594717 (validated)
Votes:    1292/1292
Wallets:  450188:1292

Id:       1293
Winner:   450188
Target:   07594717
Solution: 09932830 (validated)
Votes:    1293/1293
Wallets:  450188:1293

Id:       1294
Winner:   450188
Target:   09932830
Solution: 04753284 (validated)
Votes:    1294/1294
Wallets:  450188:1294

Id:       1295
Winner:   450188
Target:   04753284
Solution: 00516046 (validated)
Votes:    1295/1295
Wallets:  450188:1295

Id:       1296
Winner:   450188
Target:   00516046
Solution: 08651796 (validated)
Votes:    1296/1296
Wallets:  450188:1296

Id:       1297
Winner:   450188
Target:   08651796
Solution: 08060751 (validated)
Votes:    1297/1297
Wallets:  450188:1297

Id:       1298
Winner:   450188
Target:   08060751
Solution: 08673788 (validated)
Votes:    1298/1298
Wallets:  450188:1298

Id:       1299
Winner:   450188
Target:   08673788
Solution: 09548679 (validated)
Votes:    1299/1299
Wallets:  450188:1299

Id:       1300
Winner:   450188
Target:   09548679
Solution: 03427621 (validated)
Votes:    1300/1300
Wallets:  450188:1300

Id:       1301
Winner:   450188
Target:   03427621
Solution: 00222122 (validated)
Votes:    1301/1301
Wallets:  450188:1301

Id:       1302
Winner:   450188
Target:   00222122
Solution: 03378434 (validated)
Votes:    1302/1302
Wallets:  450188:1302

Id:       1303
Winner:   450188
Target:   03378434
Solution: 08863112 (validated)
Votes:    1303/1303
Wallets:  450188:1303

Id:       1304
Winner:   450188
Target:   08863112
Solution: 00180401 (validated)
Votes:    1304/1304
Wallets:  450188:1304

Id:       1305
Winner:   450188
Target:   00180401
Solution: 08254896 (validated)
Votes:    1305/1305
Wallets:  450188:1305

Id:       1306
Winner:   450188
Target:   08254896
Solution: 07003580 (validated)
Votes:    1306/1306
Wallets:  450188:1306

Id:       1307
Winner:   450188
Target:   07003580
Solution: 02163980 (validated)
Votes:    1307/1307
Wallets:  450188:1307

Id:       1308
Winner:   450188
Target:   02163980
Solution: 07764949 (validated)
Votes:    1308/1308
Wallets:  450188:1308

Id:       1309
Winner:   450188
Target:   07764949
Solution: 02044110 (validated)
Votes:    1309/1309
Wallets:  450188:1309

Id:       1310
Winner:   450188
Target:   02044110
Solution: 05284663 (validated)
Votes:    1310/1310
Wallets:  450188:1310

Id:       1311
Winner:   450188
Target:   05284663
Solution: 00241274 (rejected)
Votes:    1311/1311
Wallets:  450188:1311

Id:       1312
Winner:   450188
Target:   05284663
Solution: 00241274 (validated)
Votes:    1312/1312
Wallets:  450188:1312

Id:       1313
Winner:   450188
Target:   00241274
Solution: 08234689 (validated)
Votes:    1313/1313
Wallets:  450188:1313

Id:       1314
Winner:   450188
Target:   08234689
Solution: 06549270 (validated)
Votes:    1314/1314
Wallets:  450188:1314

Id:       1315
Winner:   450188
Target:   06549270
Solution: 05725533 (validated)
Votes:    1315/1315
Wallets:  450188:1315

Id:       1316
Winner:   450188
Target:   05725533
Solution: 07128280 (validated)
Votes:    1316/1316
Wallets:  450188:1316

Id:       1317
Winner:   450188
Target:   07128280
Solution: 09793514 (validated)
Votes:    1317/1317
Wallets:  450188:1317

Id:       1318
Winner:   450188
Target:   09793514
Solution: 07361817 (rejected)
Votes:    1318/1318
Wallets:  450188:1318

Id:       1319
Winner:   450188
Target:   09793514
Solution: 07361817 (validated)
Votes:    1319/1319
Wallets:  450188:1319

Id:       1320
Winner:   450188
Target:   07361817
Solution: 07420756 (validated)
Votes:    1320/1320
Wallets:  450188:1320

Id:       1321
Winner:   450188
Target:   07420756
Solution: 07462452 (validated)
Votes:    1321/1321
Wallets:  450188:1321

Id:       1322
Winner:   450188
Target:   07462452
Solution: 04111775 (validated)
Votes:    1322/1322
Wallets:  450188:1322

Id:       1323
Winner:   450188
Target:   04111775
Solution: 03726516 (validated)
Votes:    1323/1323
Wallets:  450188:1323

Id:       1324
Winner:   450188
Target:   03726516
Solution: 04038844 (validated)
Votes:    1324/1324
Wallets:  450188:1324

Id:       1325
Winner:   450188
Target:   04038844
Solution: 03832845 (validated)
Votes:    1325/1325
Wallets:  450188:1325

Id:       1326
Winner:   450188
Target:   03832845
Solution: 01136927 (validated)
Votes:    1326/1326
Wallets:  450188:1326

Id:       1327
Winner:   450188
Target:   01136927
Solution: 08686302 (validated)
Votes:    1327/1327
Wallets:  450188:1327

Id:       1328
Winner:   450188
Target:   08686302
Solution: 03627172 (validated)
Votes:    1328/1328
Wallets:  450188:1328

Id:       1329
Winner:   450188
Target:   03627172
Solution: 00539706 (validated)
Votes:    1329/1329
Wallets:  450188:1329

Id:       1330
Winner:   450188
Target:   00539706
Solution: 04317240 (validated)
Votes:    1330/1330
Wallets:  450188:1330

Id:       1331
Winner:   450188
Target:   04317240
Solution: 01021953 (validated)
Votes:    1331/1331
Wallets:  450188:1331

Id:       1332
Winner:   450188
Target:   01021953
Solution: 09326731 (validated)
Votes:    1332/1332
Wallets:  450188:1332

Id:       1333
Winner:   450188
Target:   09326731
Solution: 06344432 (validated)
Votes:    1333/1333
Wallets:  450188:1333

Id:       1334
Winner:   450188
Target:   06344432
Solution: 04155578 (validated)
Votes:    1334/1334
Wallets:  450188:1334

Id:       1335
Winner:   450188
Target:   04155578
Solution: 05751819 (validated)
Votes:    1335/1335
Wallets:  450188:1335

Id:       1336
Winner:   450188
Target:   05751819
Solution: 04487959 (validated)
Votes:    1336/1336
Wallets:  450188:1336

Id:       1337
Winner:   450188
Target:   04487959
Solution: 07400808 (validated)
Votes:    1337/1337
Wallets:  450188:1337

Id:       1338
Winner:   450188
Target:   07400808
Solution: 09196864 (rejected)
Votes:    1338/1338
Wallets:  450188:1338

Id:       1339
Winner:   450188
Target:   07400808
Solution: 09196864 (validated)
Votes:    1339/1339
Wallets:  450188:1339

Id:       1340
Winner:   450188
Target:   09196864
Solution: 00136456 (validated)
Votes:    1340/1340
Wallets:  450188:1340

Id:       1341
Winner:   450188
Target:   00136456
Solution: 00899276 (validated)
Votes:    1341/1341
Wallets:  450188:1341

Id:       1342
Winner:   450188
Target:   00899276
Solution: 04201657 (validated)
Votes:    1342/1342
Wallets:  450188:1342

Id:       1343
Winner:   450188
Target:   04201657
Solution: 00839256 (validated)
Votes:    1343/1343
Wallets:  450188:1343

Id:       1344
Winner:   450188
Target:   00839256
Solution: 08149183 (validated)
Votes:    1344/1344
Wallets:  450188:1344

Id:       1345
Winner:   450188
Target:   08149183
Solution: 04302785 (validated)
Votes:    1345/1345
Wallets:  450188:1345

Id:       1346
Winner:   450188
Target:   04302785
Solution: 03433504 (validated)
Votes:    1346/1346
Wallets:  450188:1346

Id:       1347
Winner:   450188
Target:   03433504
Solution: 07090106 (validated)
Votes:    1347/1347
Wallets:  450188:1347

Id:       1348
Winner:   450188
Target:   07090106
Solution: 02144619 (validated)
Votes:    1348/1348
Wallets:  450188:1348

Id:       1349
Winner:   450188
Target:   02144619
Solution: 07666099 (validated)
Votes:    1349/1349
Wallets:  450188:1349

Id:       1350
Winner:   450188
Target:   07666099
Solution: 06386709 (validated)
Votes:    1350/1350
Wallets:  450188:1350

Id:       1351
Winner:   450188
Target:   06386709
Solution: 07335985 (rejected)
Votes:    1351/1351
Wallets:  450188:1351

Id:       1352
Winner:   450188
Target:   06386709
Solution: 07335985 (validated)
Votes:    1352/1352
Wallets:  450188:1352

Id:       1353
Winner:   450188
Target:   07335985
Solution: 00348676 (validated)
Votes:    1353/1353
Wallets:  450188:1353

Id:       1354
Winner:   450188
Target:   00348676
Solution: 05830880 (validated)
Votes:    1354/1354
Wallets:  450188:1354

Id:       1355
Winner:   450188
Target:   05830880
Solution: 00173937 (validated)
Votes:    1355/1355
Wallets:  450188:1355

Id:       1356
Winner:   450188
Target:   00173937
Solution: 04853525 (validated)
Votes:    1356/1356
Wallets:  450188:1356

Id:       1357
Winner:   450188
Target:   04853525
Solution: 03257582 (validated)
Votes:    1357/1357
Wallets:  450188:1357

Id:       1358
Winner:   450188
Target:   03257582
Solution: 02330400 (validated)
Votes:    1358/1358
Wallets:  450188:1358

Id:       1359
Winner:   450188
Target:   02330400
Solution: 08579513 (validated)
Votes:    1359/1359
Wallets:  450188:1359

Id:       1360
Winner:   450188
Target:   08579513
Solution: 04610442 (validated)
Votes:    1360/1360
Wallets:  450188:1360

Id:       1361
Winner:   450188
Target:   04610442
Solution: 06370119 (validated)
Votes:    1361/1361
Wallets:  450188:1361

Id:       1362
Winner:   450188
Target:   06370119
Solution: 00081817 (validated)
Votes:    1362/1362
Wallets:  450188:1362

Id:       1363
Winner:   450188
Target:   00081817
Solution: 08360379 (validated)
Votes:    1363/1363
Wallets:  450188:1363

Id:       1364
Winner:   450188
Target:   08360379
Solution: 03746203 (validated)
Votes:    1364/1364
Wallets:  450188:1364

Id:       1365
Winner:   450188
Target:   03746203
Solution: 06236391 (validated)
Votes:    1365/1365
Wallets:  450188:1365

Id:       1366
Winner:   450188
Target:   06236391
Solution: 07567203 (validated)
Votes:    1366/1366
Wallets:  450188:1366

Id:       1367
Winner:   450188
Target:   07567203
Solution: 01539516 (validated)
Votes:    1367/1367
Wallets:  450188:1367

Id:       1368
Winner:   450188
Target:   01539516
Solution: 00457997 (rejected)
Votes:    1368/1368
Wallets:  450188:1368

Id:       1369
Winner:   450188
Target:   01539516
Solution: 00457997 (validated)
Votes:    1369/1369
Wallets:  450188:1369

Id:       1370
Winner:   450188
Target:   00457997
Solution: 04280639 (validated)
Votes:    1370/1370
Wallets:  450188:1370

Id:       1371
Winner:   450188
Target:   04280639
Solution: 03346254 (validated)
Votes:    1371/1371
Wallets:  450188:1371

Id:       1372
Winner:   450188
Target:   03346254
Solution: 03307255 (validated)
Votes:    1372/1372
Wallets:  450188:1372

Id:       1373
Winner:   450188
Target:   03307255
Solution: 06018477 (validated)
Votes:    1373/1373
Wallets:  450188:1373

Id:       1374
Winner:   450188
Target:   06018477
Solution: 02228535 (validated)
Votes:    1374/1374
Wallets:  450188:1374

Id:       1375
Winner:   450188
Target:   02228535
Solution: 06975540 (validated)
Votes:    1375/1375
Wallets:  450188:1375

Id:       1376
Winner:   450188
Target:   06975540
Solution: 03878249 (validated)
Votes:    1376/1376
Wallets:  450188:1376

Id:       1377
Winner:   450188
Target:   03878249
Solution: 07427468 (validated)
Votes:    1377/1377
Wallets:  450188:1377

Id:       1378
Winner:   450188
Target:   07427468
Solution: 01726654 (validated)
Votes:    1378/1378
Wallets:  450188:1378

Id:       1379
Winner:   450188
Target:   01726654
Solution: 02532456 (rejected)
Votes:    1379/1379
Wallets:  450188:1379

Id:       1380
Winner:   450188
Target:   01726654
Solution: 02532456 (validated)
Votes:    1380/1380
Wallets:  450188:1380

Id:       1381
Winner:   450188
Target:   02532456
Solution: 05978895 (validated)
Votes:    1381/1381
Wallets:  450188:1381

Id:       1382
Winner:   450188
Target:   05978895
Solution: 04529354 (rejected)
Votes:    1382/1382
Wallets:  450188:1382

Id:       1383
Winner:   450188
Target:   05978895
Solution: 04529354 (validated)
Votes:    1383/1383
Wallets:  450188:1383

Id:       1384
Winner:   450188
Target:   04529354
Solution: 00425649 (validated)
Votes:    1384/1384
Wallets:  450188:1384

Id:       1385
Winner:   450188
Target:   00425649
Solution: 02979439 (validated)
Votes:    1385/1385
Wallets:  450188:1385

Id:       1386
Winner:   450188
Target:   02979439
Solution: 05696663 (validated)
Votes:    1386/1386
Wallets:  450188:1386

Id:       1387
Winner:   450188
Target:   05696663
Solution: 09510126 (validated)
Votes:    1387/1387
Wallets:  450188:1387

Id:       1388
Winner:   450188
Target:   09510126
Solution: 00913772 (validated)
Votes:    1388/1388
Wallets:  450188:1388

Id:       1389
Winner:   450188
Target:   00913772
Solution: 01287358 (validated)
Votes:    1389/1389
Wallets:  450188:1389

Id:       1390
Winner:   450188
Target:   01287358
Solution: 07557154 (validated)
Votes:    1390/1390
Wallets:  450188:1390

Id:       1391
Winner:   450188
Target:   07557154
Solution: 06984077 (rejected)
Votes:    1391/1391
Wallets:  450188:1391

Id:       1392
Winner:   450188
Target:   07557154
Solution: 06984077 (validated)
Votes:    1392/1392
Wallets:  450188:1392

Id:       1393
Winner:   450188
Target:   06984077
Solution: 06732510 (validated)
Votes:    1393/1393
Wallets:  450188:1393

Id:       1394
Winner:   450188
Target:   06732510
Solution: 09754740 (validated)
Votes:    1394/1394
Wallets:  450188:1394

Id:       1395
Winner:   450188
Target:   09754740
Solution: 06338671 (validated)
Votes:    1395/1395
Wallets:  450188:1395

Id:       1396
Winner:   450188
Target:   06338671
Solution: 03838539 (rejected)
Votes:    1396/1396
Wallets:  450188:1396

Id:       1397
Winner:   450188
Target:   06338671
Solution: 03838539 (validated)
Votes:    1397/1397
Wallets:  450188:1397

Id:       1398
Winner:   450188
Target:   03838539
Solution: 01543991 (validated)
Votes:    1398/1398
Wallets:  450188:1398

Id:       1399
Winner:   450188
Target:   01543991
Solution: 07277998 (rejected)
Votes:    1399/1399
Wallets:  450188:1399

Id:       1400
Winner:   450188
Target:   01543991
Solution: 07277998 (validated)
Votes:    1400/1400
Wallets:  450188:1400

Id:       1401
Winner:   450188
Target:   07277998
Solution: 06190348 (validated)
Votes:    1401/1401
Wallets:  450188:1401

Id:       1402
Winner:   450188
Target:   06190348
Solution: 02284478 (validated)
Votes:    1402/1402
Wallets:  450188:1402

Id:       1403
Winner:   450188
Target:   02284478
Solution: 07909225 (validated)
Votes:    1403/1403
Wallets:  450188:1403

Id:       1404
Winner:   450188
Target:   07909225
Solution: 06648440 (validated)
Votes:    1404/1404
Wallets:  450188:1404

Id:       1405
Winner:   450188
Target:   06648440
Solution: 01848280 (rejected)
Votes:    1405/1405
Wallets:  450188:1405

Id:       1406
Winner:   450188
Target:   06648440
Solution: 01848280 (validated)
Votes:    1406/1406
Wallets:  450188:1406

Id:       1407
Winner:   450188
Target:   01848280
Solution: 09815810 (validated)
Votes:    1407/1407
Wallets:  450188:1407

Id:       1408
Winner:   450188
Target:   09815810
Solution: 08292054 (validated)
Votes:    1408/1408
Wallets:  450188:1408

Id:       1409
Winner:   450188
Target:   08292054
Solution: 04676959 (validated)
Votes:    1409/1409
Wallets:  450188:1409

Id:       1410
Winner:   450188
Target:   04676959
Solution: 09808546 (validated)
Votes:    1410/1410
Wallets:  450188:1410

Id:       1411
Winner:   450188
Target:   09808546
Solution: 03727318 (validated)
Votes:    1411/1411
Wallets:  450188:1411

Id:       1412
Winner:   450188
Target:   03727318
Solution: 09079225 (validated)
Votes:    1412/1412
Wallets:  450188:1412

Id:       1413
Winner:   450188
Target:   09079225
Solution: 03462414 (validated)
Votes:    1413/1413
Wallets:  450188:1413

Id:       1414
Winner:   450188
Target:   03462414
Solution: 02267004 (validated)
Votes:    1414/1414
Wallets:  450188:1414

Id:       1415
Winner:   450188
Target:   02267004
Solution: 06617869 (validated)
Votes:    1415/1415
Wallets:  450188:1415

Id:       1416
Winner:   450188
Target:   06617869
Solution: 06068028 (validated)
Votes:    1416/1416
Wallets:  450188:1416

Id:       1417
Winner:   450188
Target:   06068028
Solution: 09363364 (validated)
Votes:    1417/1417
Wallets:  450188:1417

Id:       1418
Winner:   450188
Target:   09363364
Solution: 06066205 (rejected)
Votes:    1418/1418
Wallets:  450188:1418

Id:       1419
Winner:   450188
Target:   09363364
Solution: 06066205 (validated)
Votes:    1419/1419
Wallets:  450188:1419

Id:       1420
Winner:   450188
Target:   06066205
Solution: 04650321 (validated)
Votes:    1420/1420
Wallets:  450188:1420

Id:       1421
Winner:   450188
Target:   04650321
Solution: 09937447 (validated)
Votes:    1421/1421
Wallets:  450188:1421

Id:       1422
Winner:   450188
Target:   09937447
Solution: 06905905 (validated)
Votes:    1422/1422
Wallets:  450188:1422

Id:       1423
Winner:   450188
Target:   06905905
Solution: 04778563 (validated)
Votes:    1423/1423
Wallets:  450188:1423

Id:       1424
Winner:   450188
Target:   04778563
Solution: 05346781 (validated)
Votes:    1424/1424
Wallets:  450188:1424

Id:       1425
Winner:   450188
Target:   05346781
Solution: 04218550 (validated)
Votes:    1425/1425
Wallets:  450188:1425

Id:       1426
Winner:   450188
Target:   04218550
Solution: 05597225 (validated)
Votes:    1426/1426
Wallets:  450188:1426

Id:       1427
Winner:   450188
Target:   05597225
Solution: 03749782 (validated)
Votes:    1427/1427
Wallets:  450188:1427

Id:       1428
Winner:   450188
Target:   03749782
Solution: 05754805 (validated)
Votes:    1428/1428
Wallets:  450188:1428

Id:       1429
Winner:   450188
Target:   05754805
Solution: 04206284 (rejected)
Votes:    1429/1429
Wallets:  450188:1429

Id:       1430
Winner:   450188
Target:   05754805
Solution: 04206284 (validated)
Votes:    1430/1430
Wallets:  450188:1430

Id:       1431
Winner:   450188
Target:   04206284
Solution: 02381563 (validated)
Votes:    1431/1431
Wallets:  450188:1431

Id:       1432
Winner:   450188
Target:   02381563
Solution: 01312380 (validated)
Votes:    1432/1432
Wallets:  450188:1432

Id:       1433
Winner:   450188
Target:   01312380
Solution: 04078486 (validated)
Votes:    1433/1433
Wallets:  450188:1433

Id:       1434
Winner:   450188
Target:   04078486
Solution: 07867839 (validated)
Votes:    1434/1434
Wallets:  450188:1434

Id:       1435
Winner:   450188
Target:   07867839
Solution: 01077080 (validated)
Votes:    1435/1435
Wallets:  450188:1435

Id:       1436
Winner:   450188
Target:   01077080
Solution: 08074014 (validated)
Votes:    1436/1436
Wallets:  450188:1436

Id:       1437
Winner:   450188
Target:   08074014
Solution: 05028708 (validated)
Votes:    1437/1437
Wallets:  450188:1437

Id:       1438
Winner:   450188
Target:   05028708
Solution: 05130547 (validated)
Votes:    1438/1438
Wallets:  450188:1438

Id:       1439
Winner:   450188
Target:   05130547
Solution: 06321797 (validated)
Votes:    1439/1439
Wallets:  450188:1439

Id:       1440
Winner:   450188
Target:   06321797
Solution: 05919131 (rejected)
Votes:    1440/1440
Wallets:  450188:1440

Id:       1441
Winner:   450188
Target:   06321797
Solution: 05919131 (validated)
Votes:    1441/1441
Wallets:  450188:1441

Id:       1442
Winner:   450188
Target:   05919131
Solution: 04850078 (validated)
Votes:    1442/1442
Wallets:  450188:1442

Id:       1443
Winner:   450188
Target:   04850078
Solution: 09679799 (validated)
Votes:    1443/1443
Wallets:  450188:1443

Id:       1444
Winner:   450188
Target:   09679799
Solution: 09145750 (validated)
Votes:    1444/1444
Wallets:  450188:1444

Id:       1445
Winner:   450188
Target:   09145750
Solution: 02413511 (validated)
Votes:    1445/1445
Wallets:  450188:1445

Id:       1446
Winner:   450188
Target:   02413511
Solution: 07030746 (validated)
Votes:    1446/1446
Wallets:  450188:1446

Id:       1447
Winner:   450188
Target:   07030746
Solution: 05802209 (validated)
Votes:    1447/1447
Wallets:  450188:1447

Id:       1448
Winner:   450188
Target:   05802209
Solution: 08406389 (validated)
Votes:    1448/1448
Wallets:  450188:1448

Id:       1449
Winner:   450188
Target:   08406389
Solution: 05044346 (validated)
Votes:    1449/1449
Wallets:  450188:1449

Id:       1450
Winner:   450188
Target:   05044346
Solution: 06501347 (validated)
Votes:    1450/1450
Wallets:  450188:1450

Id:       1451
Winner:   450188
Target:   06501347
Solution: 05207173 (validated)
Votes:    1451/1451
Wallets:  450188:1451

Id:       1452
Winner:   450188
Target:   05207173
Solution: 00653779 (validated)
Votes:    1452/1452
Wallets:  450188:1452

Id:       1453
Winner:   450188
Target:   00653779
Solution: 06678078 (validated)
Votes:    1453/1453
Wallets:  450188:1453

Id:       1454
Winner:   450188
Target:   06678078
Solution: 08581422 (validated)
Votes:    1454/1454
Wallets:  450188:1454

Id:       1455
Winner:   450188
Target:   08581422
Solution: 06074324 (validated)
Votes:    1455/1455
Wallets:  450188:1455

Id:       1456
Winner:   450188
Target:   06074324
Solution: 07021695 (validated)
Votes:    1456/1456
Wallets:  450188:1456

Id:       1457
Winner:   450188
Target:   07021695
Solution: 06324536 (validated)
Votes:    1457/1457
Wallets:  450188:1457

Id:       1458
Winner:   450188
Target:   06324536
Solution: 06715436 (validated)
Votes:    1458/1458
Wallets:  450188:1458

Id:       1459
Winner:   450188
Target:   06715436
Solution: 04046218 (validated)
Votes:    1459/1459
Wallets:  450188:1459

Id:       1460
Winner:   450188
Target:   04046218
Solution: 01684127 (validated)
Votes:    1460/1460
Wallets:  450188:1460

Id:       1461
Winner:   450188
Target:   01684127
Solution: 04612202 (validated)
Votes:    1461/1461
Wallets:  450188:1461

Id:       1462
Winner:   450188
Target:   04612202
Solution: 08929522 (validated)
Votes:    1462/1462
Wallets:  450188:1462

Id:       1463
Winner:   450188
Target:   08929522
Solution: 06150109 (validated)
Votes:    1463/1463
Wallets:  450188:1463

Id:       1464
Winner:   450188
Target:   06150109
Solution: 00693060 (validated)
Votes:    1464/1464
Wallets:  450188:1464

Id:       1465
Winner:   450188
Target:   00693060
Solution: 00752777 (validated)
Votes:    1465/1465
Wallets:  450188:1465

Id:       1466
Winner:   450188
Target:   00752777
Solution: 09299147 (validated)
Votes:    1466/1466
Wallets:  450188:1466

Id:       1467
Winner:   450188
Target:   09299147
Solution: 02223316 (validated)
Votes:    1467/1467
Wallets:  450188:1467

Id:       1468
Winner:   450188
Target:   02223316
Solution: 07571652 (rejected)
Votes:    1468/1468
Wallets:  450188:1468

Id:       1469
Winner:   450188
Target:   02223316
Solution: 07571652 (validated)
Votes:    1469/1469
Wallets:  450188:1469

Id:       1470
Winner:   450188
Target:   07571652
Solution: 07946794 (validated)
Votes:    1470/1470
Wallets:  450188:1470

Id:       1471
Winner:   450188
Target:   07946794
Solution: 01232847 (rejected)
Votes:    1471/1471
Wallets:  450188:1471

Id:       1472
Winner:   450188
Target:   07946794
Solution: 01232847 (validated)
Votes:    1472/1472
Wallets:  450188:1472

Id:       1473
Winner:   450188
Target:   01232847
Solution: 03207159 (validated)
Votes:    1473/1473
Wallets:  450188:1473

Id:       1474
Winner:   450188
Target:   03207159
Solution: 04425085 (validated)
Votes:    1474/1474
Wallets:  450188:1474

Id:       1475
Winner:   450188
Target:   04425085
Solution: 07572943 (validated)
Votes:    1475/1475
Wallets:  450188:1475

Id:       1476
Winner:   450188
Target:   07572943
Solution: 01138675 (validated)
Votes:    1476/1476
Wallets:  450188:1476

Id:       1477
Winner:   450188
Target:   01138675
Solution: 07979003 (validated)
Votes:    1477/1477
Wallets:  450188:1477

Id:       1478
Winner:   450188
Target:   07979003
Solution: 03019254 (validated)
Votes:    1478/1478
Wallets:  450188:1478

Id:       1479
Winner:   450188
Target:   03019254
Solution: 05171843 (validated)
Votes:    1479/1479
Wallets:  450188:1479

Id:       1480
Winner:   450188
Target:   05171843
Solution: 07388286 (validated)
Votes:    1480/1480
Wallets:  450188:1480

Id:       1481
Winner:   450188
Target:   07388286
Solution: 09608004 (validated)
Votes:    1481/1481
Wallets:  450188:1481

Id:       1482
Winner:   450188
Target:   09608004
Solution: 01906130 (validated)
Votes:    1482/1482
Wallets:  450188:1482

Id:       1483
Winner:   450188
Target:   01906130
Solution: 08336361 (validated)
Votes:    1483/1483
Wallets:  450188:1483

Id:       1484
Winner:   450188
Target:   08336361
Solution: 03935988 (validated)
Votes:    1484/1484
Wallets:  450188:1484

Id:       1485
Winner:   450188
Target:   03935988
Solution: 00725268 (validated)
Votes:    1485/1485
Wallets:  450188:1485

Id:       1486
Winner:   450188
Target:   00725268
Solution: 00600676 (validated)
Votes:    1486/1486
Wallets:  450188:1486

Id:       1487
Winner:   450188
Target:   00600676
Solution: 02376066 (validated)
Votes:    1487/1487
Wallets:  450188:1487

Id:       1488
Winner:   450188
Target:   02376066
Solution: 02878906 (validated)
Votes:    1488/1488
Wallets:  450188:1488

Id:       1489
Winner:   450188
Target:   02878906
Solution: 06779520 (validated)
Votes:    1489/1489
Wallets:  450188:1489

Id:       1490
Winner:   450188
Target:   06779520
Solution: 00009968 (validated)
Votes:    1490/1490
Wallets:  450188:1490

Id:       1491
Winner:   450188
Target:   00009968
Solution: 06415994 (validated)
Votes:    1491/1491
Wallets:  450188:1491

Id:       1492
Winner:   450188
Target:   06415994
Solution: 09619199 (validated)
Votes:    1492/1492
Wallets:  450188:1492

Id:       1493
Winner:   450188
Target:   09619199
Solution: 08500700 (validated)
Votes:    1493/1493
Wallets:  450188:1493

Id:       1494
Winner:   450188
Target:   08500700
Solution: 09784992 (validated)
Votes:    1494/1494
Wallets:  450188:1494

Id:       1495
Winner:   450188
Target:   09784992
Solution: 03592085 (validated)
Votes:    1495/1495
Wallets:  450188:1495

Id:       1496
Winner:   450188
Target:   03592085
Solution: 08439898 (validated)
Votes:    1496/1496
Wallets:  450188:1496

Id:       1497
Winner:   450188
Target:   08439898
Solution: 07471509 (validated)
Votes:    1497/1497
Wallets:  450188:1497

Id:       1498
Winner:   450188
Target:   07471509
Solution: 05222799 (validated)
Votes:    1498/1498
Wallets:  450188:1498

Id:       1499
Winner:   450188
Target:   05222799
Solution: 08755574 (validated)
Votes:    1499/1499
Wallets:  450188:1499

Id:       1500
Winner:   450188
Target:   08755574
Solution: 08884941 (validated)
Votes:    1500/1500
Wallets:  450188:1500

Id:       1501
Winner:   450188
Target:   08884941
Solution: 05617829 (rejected)
Votes:    1501/1501
Wallets:  450188:1501

Id:       1502
Winner:   450188
Target:   08884941
Solution: 05617829 (validated)
Votes:    1502/1502
Wallets:  450188:1502

Id:       1503
Winner:   450188
Target:   05617829
Solution: 03969099 (validated)
Votes:    1503/1503
Wallets:  450188:1503

Id:       1504
Winner:   450188
Target:   03969099
Solution: 01448916 (validated)
Votes:    1504/1504
Wallets:  450188:1504

Id:       1505
Winner:   450188
Target:   01448916
Solution: 01176396 (validated)
Votes:    1505/1505
Wallets:  450188:1505

Id:       1506
Winner:   450188
Target:   01176396
Solution: 07283413 (validated)
Votes:    1506/1506
Wallets:  450188:1506

Id:       1507
Winner:   450188
Target:   07283413
Solution: 05629318 (validated)
Votes:    1507/1507
Wallets:  450188:1507

Id:       1508
Winner:   450188
Target:   05629318
Solution: 00618595 (validated)
Votes:    1508/1508
Wallets:  450188:1508

Id:       1509
Winner:   450188
Target:   00618595
Solution: 06501540 (validated)
Votes:    1509/1509
Wallets:  450188:1509

Id:       1510
Winner:   450188
Target:   06501540
Solution: 09424428 (validated)
Votes:    1510/1510
Wallets:  450188:1510

Id:       1511
Winner:   450188
Target:   09424428
Solution: 06386237 (validated)
Votes:    1511/1511
Wallets:  450188:1511

Id:       1512
Winner:   450188
Target:   06386237
Solution: 02150636 (validated)
Votes:    1512/1512
Wallets:  450188:1512

Id:       1513
Winner:   450188
Target:   02150636
Solution: 04356336 (validated)
Votes:    1513/1513
Wallets:  450188:1513

Id:       1514
Winner:   450188
Target:   04356336
Solution: 06387461 (validated)
Votes:    1514/1514
Wallets:  450188:1514

Id:       1515
Winner:   450188
Target:   06387461
Solution: 05430239 (validated)
Votes:    1515/1515
Wallets:  450188:1515

Id:       1516
Winner:   450188
Target:   05430239
Solution: 05486360 (validated)
Votes:    1516/1516
Wallets:  450188:1516

Id:       1517
Winner:   450188
Target:   05486360
Solution: 01555074 (validated)
Votes:    1517/1517
Wallets:  450188:1517

Id:       1518
Winner:   450188
Target:   01555074
Solution: 06711309 (validated)
Votes:    1518/1518
Wallets:  450188:1518

Id:       1519
Winner:   450188
Target:   06711309
Solution: 01981302 (validated)
Votes:    1519/1519
Wallets:  450188:1519

Id:       1520
Winner:   450188
Target:   01981302
Solution: 03428265 (validated)
Votes:    1520/1520
Wallets:  450188:1520

Id:       1521
Winner:   450188
Target:   03428265
Solution: 08906846 (validated)
Votes:    1521/1521
Wallets:  450188:1521

Id:       1522
Winner:   450188
Target:   08906846
Solution: 08416410 (validated)
Votes:    1522/1522
Wallets:  450188:1522

Id:       1523
Winner:   450188
Target:   08416410
Solution: 05307743 (validated)
Votes:    1523/1523
Wallets:  450188:1523

Id:       1524
Winner:   450188
Target:   05307743
Solution: 01311839 (validated)
Votes:    1524/1524
Wallets:  450188:1524

Id:       1525
Winner:   450188
Target:   01311839
Solution: 05103843 (validated)
Votes:    1525/1525
Wallets:  450188:1525

Id:       1526
Winner:   450188
Target:   05103843
Solution: 08479231 (validated)
Votes:    1526/1526
Wallets:  450188:1526

Id:       1527
Winner:   450188
Target:   08479231
Solution: 02371654 (validated)
Votes:    1527/1527
Wallets:  450188:1527

Id:       1528
Winner:   450188
Target:   02371654
Solution: 08210242 (validated)
Votes:    1528/1528
Wallets:  450188:1528

Id:       1529
Winner:   450188
Target:   08210242
Solution: 04927974 (validated)
Votes:    1529/1529
Wallets:  450188:1529

Id:       1530
Winner:   450188
Target:   04927974
Solution: 06483479 (validated)
Votes:    1530/1530
Wallets:  450188:1530

Id:       1531
Winner:   450188
Target:   06483479
Solution: 09966334 (validated)
Votes:    1531/1531
Wallets:  450188:1531

Id:       1532
Winner:   450188
Target:   09966334
Solution: 07485604 (validated)
Votes:    1532/1532
Wallets:  450188:1532

Id:       1533
Winner:   450188
Target:   07485604
Solution: 04787158 (validated)
Votes:    1533/1533
Wallets:  450188:1533

Id:       1534
Winner:   450188
Target:   04787158
Solution: 00662142 (validated)
Votes:    1534/1534
Wallets:  450188:1534

Id:       1535
Winner:   450188
Target:   00662142
Solution: 02155948 (validated)
Votes:    1535/1535
Wallets:  450188:1535

Id:       1536
Winner:   450188
Target:   02155948
Solution: 04082922 (validated)
Votes:    1536/1536
Wallets:  450188:1536

Id:       1537
Winner:   450188
Target:   04082922
Solution: 09069907 (validated)
Votes:    1537/1537
Wallets:  450188:1537

Id:       1538
Winner:   450188
Target:   09069907
Solution: 06283349 (rejected)
Votes:    1538/1538
Wallets:  450188:1538

Id:       1539
Winner:   450188
Target:   09069907
Solution: 06283349 (rejected)
Votes:    1539/1539
Wallets:  450188:1539

Id:       1540
Winner:   450188
Target:   09069907
Solution: 06283349 (validated)
Votes:    1540/1540
Wallets:  450188:1540

Id:       1541
Winner:   450188
Target:   06283349
Solution: 06994682 (validated)
Votes:    1541/1541
Wallets:  450188:1541

Id:       1542
Winner:   450188
Target:   06994682
Solution: 09344818 (validated)
Votes:    1542/1542
Wallets:  450188:1542

Id:       1543
Winner:   450188
Target:   09344818
Solution: 06215249 (validated)
Votes:    1543/1543
Wallets:  450188:1543

Id:       1544
Winner:   450188
Target:   06215249
Solution: 04191070 (validated)
Votes:    1544/1544
Wallets:  450188:1544

Id:       1545
Winner:   450188
Target:   04191070
Solution: 03127001 (validated)
Votes:    1545/1545
Wallets:  450188:1545

Id:       1546
Winner:   450188
Target:   03127001
Solution: 01707595 (validated)
Votes:    1546/1546
Wallets:  450188:1546

Id:       1547
Winner:   450188
Target:   01707595
Solution: 07996596 (validated)
Votes:    1547/1547
Wallets:  450188:1547

Id:       1548
Winner:   450188
Target:   07996596
Solution: 05046031 (rejected)
Votes:    1548/1548
Wallets:  450188:1548

Id:       1549
Winner:   450188
Target:   07996596
Solution: 05046031 (validated)
Votes:    1549/1549
Wallets:  450188:1549

Id:       1550
Winner:   450188
Target:   05046031
Solution: 03640408 (validated)
Votes:    1550/1550
Wallets:  450188:1550

Id:       1551
Winner:   450188
Target:   03640408
Solution: 04541092 (validated)
Votes:    1551/1551
Wallets:  450188:1551

Id:       1552
Winner:   450188
Target:   04541092
Solution: 09871878 (validated)
Votes:    1552/1552
Wallets:  450188:1552

Id:       1553
Winner:   450188
Target:   09871878
Solution: 01596814 (validated)
Votes:    1553/1553
Wallets:  450188:1553

Id:       1554
Winner:   450188
Target:   01596814
Solution: 08673408 (validated)
Votes:    1554/1554
Wallets:  450188:1554

Id:       1555
Winner:   450188
Target:   08673408
Solution: 02747520 (validated)
Votes:    1555/1555
Wallets:  450188:1555

Id:       1556
Winner:   450188
Target:   02747520
Solution: 05298507 (validated)
Votes:    1556/1556
Wallets:  450188:1556

Id:       1557
Winner:   450188
Target:   05298507
Solution: 03127278 (validated)
Votes:    1557/1557
Wallets:  450188:1557

Id:       1558
Winner:   450188
Target:   03127278
Solution: 08796370 (validated)
Votes:    1558/1558
Wallets:  450188:1558

Id:       1559
Winner:   450188
Target:   08796370
Solution: 00476342 (validated)
Votes:    1559/1559
Wallets:  450188:1559

Id:       1560
Winner:   450188
Target:   00476342
Solution: 04401670 (validated)
Votes:    1560/1560
Wallets:  450188:1560

Id:       1561
Winner:   450188
Target:   04401670
Solution: 06952503 (validated)
Votes:    1561/1561
Wallets:  450188:1561

Id:       1562
Winner:   450188
Target:   06952503
Solution: 06181952 (validated)
Votes:    1562/1562
Wallets:  450188:1562

Id:       1563
Winner:   450188
Target:   06181952
Solution: 02822026 (validated)
Votes:    1563/1563
Wallets:  450188:1563

Id:       1564
Winner:   450188
Target:   02822026
Solution: 09044693 (validated)
Votes:    1564/1564
Wallets:  450188:1564

Id:       1565
Winner:   450188
Target:   09044693
Solution: 07483270 (validated)
Votes:    1565/1565
Wallets:  450188:1565

Id:       1566
Winner:   450188
Target:   07483270
Solution: 09266227 (validated)
Votes:    1566/1566
Wallets:  450188:1566

Id:       1567
Winner:   450188
Target:   09266227
Solution: 01839907 (validated)
Votes:    1567/1567
Wallets:  450188:1567

Id:       1568
Winner:   450188
Target:   01839907
Solution: 04950557 (validated)
Votes:    1568/1568
Wallets:  450188:1568

Id:       1569
Winner:   450188
Target:   04950557
Solution: 03894480 (validated)
Votes:    1569/1569
Wallets:  450188:1569

Id:       1570
Winner:   450188
Target:   03894480
Solution: 08598357 (validated)
Votes:    1570/1570
Wallets:  450188:1570

Id:       1571
Winner:   450188
Target:   08598357
Solution: 02270356 (validated)
Votes:    1571/1571
Wallets:  450188:1571

Id:       1572
Winner:   450188
Target:   02270356
Solution: 05993635 (rejected)
Votes:    1572/1572
Wallets:  450188:1572

Id:       1573
Winner:   450188
Target:   02270356
Solution: 05993635 (validated)
Votes:    1573/1573
Wallets:  450188:1573

Id:       1574
Winner:   450188
Target:   05993635
Solution: 04719248 (validated)
Votes:    1574/1574
Wallets:  450188:1574

Id:       1575
Winner:   450188
Target:   04719248
Solution: 06257958 (validated)
Votes:    1575/1575
Wallets:  450188:1575

Id:       1576
Winner:   450188
Target:   06257958
Solution: 05000385 (validated)
Votes:    1576/1576
Wallets:  450188:1576

Id:       1577
Winner:   450188
Target:   05000385
Solution: 08120387 (validated)
Votes:    1577/1577
Wallets:  450188:1577

Id:       1578
Winner:   450188
Target:   08120387
Solution: 00168768 (validated)
Votes:    1578/1578
Wallets:  450188:1578

Id:       1579
Winner:   450188
Target:   00168768
Solution: 02398067 (validated)
Votes:    1579/1579
Wallets:  450188:1579

Id:       1580
Winner:   450188
Target:   02398067
Solution: 01818012 (validated)
Votes:    1580/1580
Wallets:  450188:1580

Id:       1581
Winner:   450188
Target:   01818012
Solution: 01541662 (rejected)
Votes:    1581/1581
Wallets:  450188:1581

Id:       1582
Winner:   450188
Target:   01818012
Solution: 01541662 (rejected)
Votes:    1582/1582
Wallets:  450188:1582

Id:       1583
Winner:   450188
Target:   01818012
Solution: 01541662 (validated)
Votes:    1583/1583
Wallets:  450188:1583

Id:       1584
Winner:   450188
Target:   01541662
Solution: 01454213 (validated)
Votes:    1584/1584
Wallets:  450188:1584

Id:       1585
Winner:   450188
Target:   01454213
Solution: 01818453 (validated)
Votes:    1585/1585
Wallets:  450188:1585

Id:       1586
Winner:   450188
Target:   01818453
Solution: 06619445 (validated)
Votes:    1586/1586
Wallets:  450188:1586

Id:       1587
Winner:   450188
Target:   06619445
Solution: 01861354 (validated)
Votes:    1587/1587
Wallets:  450188:1587

Id:       1588
Winner:   450188
Target:   01861354
Solution: 09707507 (validated)
Votes:    1588/1588
Wallets:  450188:1588

Id:       1589
Winner:   450188
Target:   09707507
Solution: 03699433 (validated)
Votes:    1589/1589
Wallets:  450188:1589

Id:       1590
Winner:   450188
Target:   03699433
Solution: 01333627 (validated)
Votes:    1590/1590
Wallets:  450188:1590

Id:       1591
Winner:   450188
Target:   01333627
Solution: 01046322 (validated)
Votes:    1591/1591
Wallets:  450188:1591

Id:       1592
Winner:   450188
Target:   01046322
Solution: 09709858 (validated)
Votes:    1592/1592
Wallets:  450188:1592

Id:       1593
Winner:   450188
Target:   09709858
Solution: 02181909 (validated)
Votes:    1593/1593
Wallets:  450188:1593

Id:       1594
Winner:   450188
Target:   02181909
Solution: 01282412 (validated)
Votes:    1594/1594
Wallets:  450188:1594

Id:       1595
Winner:   450188
Target:   01282412
Solution: 07488009 (validated)
Votes:    1595/1595
Wallets:  450188:1595

Id:       1596
Winner:   450188
Target:   07488009
Solution: 07972096 (validated)
Votes:    1596/1596
Wallets:  450188:1596

Id:       1597
Winner:   450188
Target:   07972096
Solution: 00660781 (rejected)
Votes:    1597/1597
Wallets:  450188:1597

Id:       1598
Winner:   450188
Target:   07972096
Solution: 00660781 (validated)
Votes:    1598/1598
Wallets:  450188:1598

Id:       1599
Winner:   450188
Target:   00660781
Solution: 03238568 (validated)
Votes:    1599/1599
Wallets:  450188:1599

Id:       1600
Winner:   450188
Target:   03238568
Solution: 05048127 (validated)
Votes:    1600/1600
Wallets:  450188:1600

Id:       1601
Winner:   450188
Target:   05048127
Solution: 07688194 (validated)
Votes:    1601/1601
Wallets:  450188:1601

Id:       1602
Winner:   450188
Target:   07688194
Solution: 07587021 (validated)
Votes:    1602/1602
Wallets:  450188:1602

Id:       1603
Winner:   450188
Target:   07587021
Solution: 07739186 (validated)
Votes:    1603/1603
Wallets:  450188:1603

Id:       1604
Winner:   450188
Target:   07739186
Solution: 08756718 (validated)
Votes:    1604/1604
Wallets:  450188:1604

Id:       1605
Winner:   450188
Target:   08756718
Solution: 07049359 (validated)
Votes:    1605/1605
Wallets:  450188:1605

Id:       1606
Winner:   450188
Target:   07049359
Solution: 05563140 (validated)
Votes:    1606/1606
Wallets:  450188:1606

Id:       1607
Winner:   450188
Target:   05563140
Solution: 04484075 (validated)
Votes:    1607/1607
Wallets:  450188:1607

Id:       1608
Winner:   450188
Target:   04484075
Solution: 06501577 (rejected)
Votes:    1608/1608
Wallets:  450188:1608

Id:       1609
Winner:   450188
Target:   04484075
Solution: 06501577 (validated)
Votes:    1609/1609
Wallets:  450188:1609

Id:       1610
Winner:   450188
Target:   06501577
Solution: 01167648 (rejected)
Votes:    1610/1610
Wallets:  450188:1610

Id:       1611
Winner:   450188
Target:   06501577
Solution: 01167648 (validated)
Votes:    1611/1611
Wallets:  450188:1611

Id:       1612
Winner:   450188
Target:   01167648
Solution: 05309541 (validated)
Votes:    1612/1612
Wallets:  450188:1612

Id:       1613
Winner:   450188
Target:   05309541
Solution: 07550667 (rejected)
Votes:    1613/1613
Wallets:  450188:1613

Id:       1614
Winner:   450188
Target:   05309541
Solution: 07550667 (validated)
Votes:    1614/1614
Wallets:  450188:1614

Id:       1615
Winner:   450188
Target:   07550667
Solution: 08985507 (validated)
Votes:    1615/1615
Wallets:  450188:1615

Id:       1616
Winner:   450188
Target:   08985507
Solution: 08519554 (rejected)
Votes:    1616/1616
Wallets:  450188:1616

Id:       1617
Winner:   450188
Target:   08985507
Solution: 08519554 (validated)
Votes:    1617/1617
Wallets:  450188:1617

Id:       1618
Winner:   450188
Target:   08519554
Solution: 06834592 (validated)
Votes:    1618/1618
Wallets:  450188:1618

Id:       1619
Winner:   450188
Target:   06834592
Solution: 02113978 (validated)
Votes:    1619/1619
Wallets:  450188:1619

Id:       1620
Winner:   450188
Target:   02113978
Solution: 06160348 (rejected)
Votes:    1620/1620
Wallets:  450188:1620

Id:       1621
Winner:   450188
Target:   02113978
Solution: 06160348 (validated)
Votes:    1621/1621
Wallets:  450188:1621

Id:       1622
Winner:   450188
Target:   06160348
Solution: 03647927 (validated)
Votes:    1622/1622
Wallets:  450188:1622

Id:       1623
Winner:   450188
Target:   03647927
Solution: 03540518 (validated)
Votes:    1623/1623
Wallets:  450188:1623

Id:       1624
Winner:   450188
Target:   03540518
Solution: 02372468 (validated)
Votes:    1624/1624
Wallets:  450188:1624

Id:       1625
Winner:   450188
Target:   02372468
Solution: 06519628 (rejected)
Votes:    1625/1625
Wallets:  450188:1625

Id:       1626
Winner:   450188
Target:   02372468
Solution: 06519628 (validated)
Votes:    1626/1626
Wallets:  450188:1626

Id:       1627
Winner:   450188
Target:   06519628
Solution: 01236056 (rejected)
Votes:    1627/1627
Wallets:  450188:1627

Id:       1628
Winner:   450188
Target:   06519628
Solution: 01236056 (validated)
Votes:    1628/1628
Wallets:  450188:1628

Id:       1629
Winner:   450188
Target:   01236056
Solution: 05311797 (validated)
Votes:    1629/1629
Wallets:  450188:1629

Id:       1630
Winner:   450188
Target:   05311797
Solution: 01833429 (validated)
Votes:    1630/1630
Wallets:  450188:1630

Id:       1631
Winner:   450188
Target:   01833429
Solution: 04403165 (validated)
Votes:    1631/1631
Wallets:  450188:1631

Id:       1632
Winner:   450188
Target:   04403165
Solution: 05689833 (validated)
Votes:    1632/1632
Wallets:  450188:1632

Id:       1633
Winner:   450188
Target:   05689833
Solution: 06451314 (validated)
Votes:    1633/1633
Wallets:  450188:1633

Id:       1634
Winner:   450188
Target:   06451314
Solution: 03495006 (validated)
Votes:    1634/1634
Wallets:  450188:1634

Id:       1635
Winner:   450188
Target:   03495006
Solution: 06672397 (validated)
Votes:    1635/1635
Wallets:  450188:1635

Id:       1636
Winner:   450188
Target:   06672397
Solution: 03381871 (validated)
Votes:    1636/1636
Wallets:  450188:1636

Id:       1637
Winner:   450188
Target:   03381871
Solution: 03051209 (validated)
Votes:    1637/1637
Wallets:  450188:1637

Id:       1638
Winner:   450188
Target:   03051209
Solution: 04464371 (validated)
Votes:    1638/1638
Wallets:  450188:1638

Id:       1639
Winner:   450188
Target:   04464371
Solution: 01342485 (validated)
Votes:    1639/1639
Wallets:  450188:1639

Id:       1640
Winner:   450188
Target:   01342485
Solution: 06304437 (validated)
Votes:    1640/1640
Wallets:  450188:1640

Id:       1641
Winner:   450188
Target:   06304437
Solution: 05668353 (validated)
Votes:    1641/1641
Wallets:  450188:1641

Id:       1642
Winner:   450188
Target:   05668353
Solution: 07707479 (validated)
Votes:    1642/1642
Wallets:  450188:1642

Id:       1643
Winner:   450188
Target:   07707479
Solution: 00327021 (validated)
Votes:    1643/1643
Wallets:  450188:1643

Id:       1644
Winner:   450188
Target:   00327021
Solution: 07769843 (validated)
Votes:    1644/1644
Wallets:  450188:1644

Id:       1645
Winner:   450188
Target:   07769843
Solution: 01287809 (rejected)
Votes:    1645/1645
Wallets:  450188:1645

Id:       1646
Winner:   450188
Target:   07769843
Solution: 01287809 (validated)
Votes:    1646/1646
Wallets:  450188:1646

Id:       1647
Winner:   450188
Target:   01287809
Solution: 02026926 (validated)
Votes:    1647/1647
Wallets:  450188:1647

Id:       1648
Winner:   450188
Target:   02026926
Solution: 06289595 (validated)
Votes:    1648/1648
Wallets:  450188:1648

Id:       1649
Winner:   450188
Target:   06289595
Solution: 07704583 (validated)
Votes:    1649/1649
Wallets:  450188:1649

Id:       1650
Winner:   450188
Target:   07704583
Solution: 05113567 (validated)
Votes:    1650/1650
Wallets:  450188:1650

Id:       1651
Winner:   450188
Target:   05113567
Solution: 02874481 (validated)
Votes:    1651/1651
Wallets:  450188:1651

Id:       1652
Winner:   450188
Target:   02874481
Solution: 06905646 (validated)
Votes:    1652/1652
Wallets:  450188:1652

Id:       1653
Winner:   450188
Target:   06905646
Solution: 02589841 (validated)
Votes:    1653/1653
Wallets:  450188:1653

Id:       1654
Winner:   450188
Target:   02589841
Solution: 02885956 (validated)
Votes:    1654/1654
Wallets:  450188:1654

Id:       1655
Winner:   450188
Target:   02885956
Solution: 06409121 (validated)
Votes:    1655/1655
Wallets:  450188:1655

Id:       1656
Winner:   450188
Target:   06409121
Solution: 03186119 (validated)
Votes:    1656/1656
Wallets:  450188:1656

Id:       1657
Winner:   450188
Target:   03186119
Solution: 08820525 (validated)
Votes:    1657/1657
Wallets:  450188:1657

Id:       1658
Winner:   450188
Target:   08820525
Solution: 05922031 (validated)
Votes:    1658/1658
Wallets:  450188:1658

Id:       1659
Winner:   450188
Target:   05922031
Solution: 07817564 (rejected)
Votes:    1659/1659
Wallets:  450188:1659

Id:       1660
Winner:   450188
Target:   05922031
Solution: 07817564 (validated)
Votes:    1660/1660
Wallets:  450188:1660

Id:       1661
Winner:   450188
Target:   07817564
Solution: 00137736 (validated)
Votes:    1661/1661
Wallets:  450188:1661

Id:       1662
Winner:   450188
Target:   00137736
Solution: 02760660 (validated)
Votes:    1662/1662
Wallets:  450188:1662

Id:       1663
Winner:   450188
Target:   02760660
Solution: 03161671 (rejected)
Votes:    1663/1663
Wallets:  450188:1663

Id:       1664
Winner:   450188
Target:   02760660
Solution: 03161671 (validated)
Votes:    1664/1664
Wallets:  450188:1664

Id:       1665
Winner:   450188
Target:   03161671
Solution: 05260721 (validated)
Votes:    1665/1665
Wallets:  450188:1665

Id:       1666
Winner:   450188
Target:   05260721
Solution: 07789909 (validated)
Votes:    1666/1666
Wallets:  450188:1666

Id:       1667
Winner:   450188
Target:   07789909
Solution: 08348007 (validated)
Votes:    1667/1667
Wallets:  450188:1667

Id:       1668
Winner:   450188
Target:   08348007
Solution: 05000330 (rejected)
Votes:    1668/1668
Wallets:  450188:1668

Id:       1669
Winner:   450188
Target:   08348007
Solution: 05000330 (validated)
Votes:    1669/1669
Wallets:  450188:1669

Id:       1670
Winner:   450188
Target:   05000330
Solution: 01479417 (validated)
Votes:    1670/1670
Wallets:  450188:1670

Id:       1671
Winner:   450188
Target:   01479417
Solution: 01228846 (validated)
Votes:    1671/1671
Wallets:  450188:1671

Id:       1672
Winner:   450188
Target:   01228846
Solution: 05449523 (validated)
Votes:    1672/1672
Wallets:  450188:1672

Id:       1673
Winner:   450188
Target:   05449523
Solution: 06285549 (validated)
Votes:    1673/1673
Wallets:  450188:1673

Id:       1674
Winner:   450188
Target:   06285549
Solution: 02695663 (validated)
Votes:    1674/1674
Wallets:  450188:1674

Id:       1675
Winner:   450188
Target:   02695663
Solution: 06932486 (validated)
Votes:    1675/1675
Wallets:  450188:1675

Id:       1676
Winner:   450188
Target:   06932486
Solution: 04129373 (validated)
Votes:    1676/1676
Wallets:  450188:1676

Id:       1677
Winner:   450188
Target:   04129373
Solution: 05448136 (validated)
Votes:    1677/1677
Wallets:  450188:1677

Id:       1678
Winner:   450188
Target:   05448136
Solution: 06955446 (validated)
Votes:    1678/1678
Wallets:  450188:1678

Id:       1679
Winner:   450188
Target:   06955446
Solution: 02526009 (validated)
Votes:    1679/1679
Wallets:  450188:1679

Id:       1680
Winner:   450188
Target:   02526009
Solution: 05539069 (rejected)
Votes:    1680/1680
Wallets:  450188:1680

Id:       1681
Winner:   450188
Target:   02526009
Solution: 05539069 (validated)
Votes:    1681/1681
Wallets:  450188:1681

Id:       1682
Winner:   450188
Target:   05539069
Solution: 01909906 (validated)
Votes:    1682/1682
Wallets:  450188:1682

Id:       1683
Winner:   450188
Target:   01909906
Solution: 09828365 (validated)
Votes:    1683/1683
Wallets:  450188:1683

Id:       1684
Winner:   450188
Target:   09828365
Solution: 01867799 (validated)
Votes:    1684/1684
Wallets:  450188:1684

Id:       1685
Winner:   450188
Target:   01867799
Solution: 06270317 (validated)
Votes:    1685/1685
Wallets:  450188:1685

Id:       1686
Winner:   450188
Target:   06270317
Solution: 08538745 (validated)
Votes:    1686/1686
Wallets:  450188:1686

Id:       1687
Winner:   450188
Target:   08538745
Solution: 07311083 (validated)
Votes:    1687/1687
Wallets:  450188:1687

Id:       1688
Winner:   450188
Target:   07311083
Solution: 06501273 (validated)
Votes:    1688/1688
Wallets:  450188:1688

Id:       1689
Winner:   450188
Target:   06501273
Solution: 01725339 (validated)
Votes:    1689/1689
Wallets:  450188:1689

Id:       1690
Winner:   450188
Target:   01725339
Solution: 02807171 (validated)
Votes:    1690/1690
Wallets:  450188:1690

Id:       1691
Winner:   450188
Target:   02807171
Solution: 05875713 (validated)
Votes:    1691/1691
Wallets:  450188:1691

Id:       1692
Winner:   450188
Target:   05875713
Solution: 09320777 (validated)
Votes:    1692/1692
Wallets:  450188:1692

Id:       1693
Winner:   450188
Target:   09320777
Solution: 01810138 (rejected)
Votes:    1693/1693
Wallets:  450188:1693

Id:       1694
Winner:   450188
Target:   09320777
Solution: 01810138 (validated)
Votes:    1694/1694
Wallets:  450188:1694

Id:       1695
Winner:   450188
Target:   01810138
Solution: 04212989 (validated)
Votes:    1695/1695
Wallets:  450188:1695

Id:       1696
Winner:   450188
Target:   04212989
Solution: 03071603 (validated)
Votes:    1696/1696
Wallets:  450188:1696

Id:       1697
Winner:   450188
Target:   03071603
Solution: 07502585 (validated)
Votes:    1697/1697
Wallets:  450188:1697

Id:       1698
Winner:   450188
Target:   07502585
Solution: 00175285 (validated)
Votes:    1698/1698
Wallets:  450188:1698

Id:       1699
Winner:   450188
Target:   00175285
Solution: 08563392 (validated)
Votes:    1699/1699
Wallets:  450188:1699

Id:       1700
Winner:   450188
Target:   08563392
Solution: 06723796 (validated)
Votes:    1700/1700
Wallets:  450188:1700

Id:       1701
Winner:   450188
Target:   06723796
Solution: 03706261 (validated)
Votes:    1701/1701
Wallets:  450188:1701

Id:       1702
Winner:   450188
Target:   03706261
Solution: 00515423 (validated)
Votes:    1702/1702
Wallets:  450188:1702

Id:       1703
Winner:   450188
Target:   00515423
Solution: 00684952 (validated)
Votes:    1703/1703
Wallets:  450188:1703

Id:       1704
Winner:   450188
Target:   00684952
Solution: 09707294 (validated)
Votes:    1704/1704
Wallets:  450188:1704

Id:       1705
Winner:   450188
Target:   09707294
Solution: 00702806 (validated)
Votes:    1705/1705
Wallets:  450188:1705

Id:       1706
Winner:   450188
Target:   00702806
Solution: 07802112 (validated)
Votes:    1706/1706
Wallets:  450188:1706

Id:       1707
Winner:   450188
Target:   07802112
Solution: 09410029 (validated)
Votes:    1707/1707
Wallets:  450188:1707

Id:       1708
Winner:   450188
Target:   09410029
Solution: 07379569 (validated)
Votes:    1708/1708
Wallets:  450188:1708

Id:       1709
Winner:   450188
Target:   07379569
Solution: 07741698 (validated)
Votes:    1709/1709
Wallets:  450188:1709

Id:       1710
Winner:   450188
Target:   07741698
Solution: 09410375 (validated)
Votes:    1710/1710
Wallets:  450188:1710

Id:       1711
Winner:   450188
Target:   09410375
Solution: 08257638 (validated)
Votes:    1711/1711
Wallets:  450188:1711

Id:       1712
Winner:   450188
Target:   08257638
Solution: 03617712 (rejected)
Votes:    1712/1712
Wallets:  450188:1712

Id:       1713
Winner:   450188
Target:   08257638
Solution: 03617712 (validated)
Votes:    1713/1713
Wallets:  450188:1713

Id:       1714
Winner:   450188
Target:   03617712
Solution: 08028021 (validated)
Votes:    1714/1714
Wallets:  450188:1714

Id:       1715
Winner:   450188
Target:   08028021
Solution: 06692110 (validated)
Votes:    1715/1715
Wallets:  450188:1715

Id:       1716
Winner:   450188
Target:   06692110
Solution: 05992141 (validated)
Votes:    1716/1716
Wallets:  450188:1716

Id:       1717
Winner:   450188
Target:   05992141
Solution: 07920426 (validated)
Votes:    1717/1717
Wallets:  450188:1717

Id:       1718
Winner:   450188
Target:   07920426
Solution: 04878664 (validated)
Votes:    1718/1718
Wallets:  450188:1718

Id:       1719
Winner:   450188
Target:   04878664
Solution: 06635016 (validated)
Votes:    1719/1719
Wallets:  450188:1719

Id:       1720
Winner:   450188
Target:   06635016
Solution: 03322179 (validated)
Votes:    1720/1720
Wallets:  450188:1720

Id:       1721
Winner:   450188
Target:   03322179
Solution: 02976751 (validated)
Votes:    1721/1721
Wallets:  450188:1721

Id:       1722
Winner:   450188
Target:   02976751
Solution: 03787296 (validated)
Votes:    1722/1722
Wallets:  450188:1722

Id:       1723
Winner:   450188
Target:   03787296
Solution: 03695939 (validated)
Votes:    1723/1723
Wallets:  450188:1723

Id:       1724
Winner:   450188
Target:   03695939
Solution: 06625241 (validated)
Votes:    1724/1724
Wallets:  450188:1724

Id:       1725
Winner:   450188
Target:   06625241
Solution: 00042294 (validated)
Votes:    1725/1725
Wallets:  450188:1725

Id:       1726
Winner:   450188
Target:   00042294
Solution: 05060806 (validated)
Votes:    1726/1726
Wallets:  450188:1726

Id:       1727
Winner:   450188
Target:   05060806
Solution: 01694203 (validated)
Votes:    1727/1727
Wallets:  450188:1727

Id:       1728
Winner:   450188
Target:   01694203
Solution: 01518872 (validated)
Votes:    1728/1728
Wallets:  450188:1728

Id:       1729
Winner:   450188
Target:   01518872
Solution: 02679936 (validated)
Votes:    1729/1729
Wallets:  450188:1729

Id:       1730
Winner:   450188
Target:   02679936
Solution: 02995323 (validated)
Votes:    1730/1730
Wallets:  450188:1730

Id:       1731
Winner:   450188
Target:   02995323
Solution: 04050975 (validated)
Votes:    1731/1731
Wallets:  450188:1731

Id:       1732
Winner:   450188
Target:   04050975
Solution: 05290049 (validated)
Votes:    1732/1732
Wallets:  450188:1732

Id:       1733
Winner:   450188
Target:   05290049
Solution: 03449694 (validated)
Votes:    1733/1733
Wallets:  450188:1733

Id:       1734
Winner:   450188
Target:   03449694
Solution: 08763743 (validated)
Votes:    1734/1734
Wallets:  450188:1734

Id:       1735
Winner:   450188
Target:   08763743
Solution: 08204745 (validated)
Votes:    1735/1735
Wallets:  450188:1735

Id:       1736
Winner:   450188
Target:   08204745
Solution: 06494500 (validated)
Votes:    1736/1736
Wallets:  450188:1736

Id:       1737
Winner:   450188
Target:   06494500
Solution: 09184513 (validated)
Votes:    1737/1737
Wallets:  450188:1737

Id:       1738
Winner:   450188
Target:   09184513
Solution: 02108463 (validated)
Votes:    1738/1738
Wallets:  450188:1738

Id:       1739
Winner:   450188
Target:   02108463
Solution: 02826821 (validated)
Votes:    1739/1739
Wallets:  450188:1739

Id:       1740
Winner:   450188
Target:   02826821
Solution: 06332343 (validated)
Votes:    1740/1740
Wallets:  450188:1740

Id:       1741
Winner:   450188
Target:   06332343
Solution: 04134134 (validated)
Votes:    1741/1741
Wallets:  450188:1741

Id:       1742
Winner:   450188
Target:   04134134
Solution: 06810393 (validated)
Votes:    1742/1742
Wallets:  450188:1742

Id:       1743
Winner:   450188
Target:   06810393
Solution: 01353210 (validated)
Votes:    1743/1743
Wallets:  450188:1743

Id:       1744
Winner:   450188
Target:   01353210
Solution: 01592977 (validated)
Votes:    1744/1744
Wallets:  450188:1744

Id:       1745
Winner:   450188
Target:   01592977
Solution: 08904780 (validated)
Votes:    1745/1745
Wallets:  450188:1745

Id:       1746
Winner:   450188
Target:   08904780
Solution: 02537682 (validated)
Votes:    1746/1746
Wallets:  450188:1746

Id:       1747
Winner:   450188
Target:   02537682
Solution: 08954642 (rejected)
Votes:    1747/1747
Wallets:  450188:1747

Id:       1748
Winner:   450188
Target:   02537682
Solution: 08954642 (rejected)
Votes:    1748/1748
Wallets:  450188:1748

Id:       1749
Winner:   450188
Target:   02537682
Solution: 08954642 (rejected)
Votes:    1749/1749
Wallets:  450188:1749

Id:       1750
Winner:   450188
Target:   02537682
Solution: 08954642 (validated)
Votes:    1750/1750
Wallets:  450188:1750

Id:       1751
Winner:   450188
Target:   08954642
Solution: 02688982 (validated)
Votes:    1751/1751
Wallets:  450188:1751

Id:       1752
Winner:   450188
Target:   02688982
Solution: 02778153 (validated)
Votes:    1752/1752
Wallets:  450188:1752

Id:       1753
Winner:   450188
Target:   02778153
Solution: 01293891 (validated)
Votes:    1753/1753
Wallets:  450188:1753

Id:       1754
Winner:   450188
Target:   01293891
Solution: 04747819 (validated)
Votes:    1754/1754
Wallets:  450188:1754

Id:       1755
Winner:   450188
Target:   04747819
Solution: 04128646 (validated)
Votes:    1755/1755
Wallets:  450188:1755

Id:       1756
Winner:   450188
Target:   04128646
Solution: 05828097 (validated)
Votes:    1756/1756
Wallets:  450188:1756

Id:       1757
Winner:   450188
Target:   05828097
Solution: 04062553 (validated)
Votes:    1757/1757
Wallets:  450188:1757

Id:       1758
Winner:   450188
Target:   04062553
Solution: 04505908 (validated)
Votes:    1758/1758
Wallets:  450188:1758

Id:       1759
Winner:   450188
Target:   04505908
Solution: 09695340 (rejected)
Votes:    1759/1759
Wallets:  450188:1759

Id:       1760
Winner:   450188
Target:   04505908
Solution: 09695340 (validated)
Votes:    1760/1760
Wallets:  450188:1760

Id:       1761
Winner:   450188
Target:   09695340
Solution: 02439820 (validated)
Votes:    1761/1761
Wallets:  450188:1761

Id:       1762
Winner:   450188
Target:   02439820
Solution: 08985321 (validated)
Votes:    1762/1762
Wallets:  450188:1762

Id:       1763
Winner:   450188
Target:   08985321
Solution: 07874158 (validated)
Votes:    1763/1763
Wallets:  450188:1763

Id:       1764
Winner:   450188
Target:   07874158
Solution: 03330307 (rejected)
Votes:    1764/1764
Wallets:  450188:1764

Id:       1765
Winner:   450188
Target:   07874158
Solution: 03330307 (validated)
Votes:    1765/1765
Wallets:  450188:1765

Id:       1766
Winner:   450188
Target:   03330307
Solution: 02799303 (validated)
Votes:    1766/1766
Wallets:  450188:1766

Id:       1767
Winner:   450188
Target:   02799303
Solution: 00182694 (validated)
Votes:    1767/1767
Wallets:  450188:1767

Id:       1768
Winner:   450188
Target:   00182694
Solution: 04278575 (validated)
Votes:    1768/1768
Wallets:  450188:1768

Id:       1769
Winner:   450188
Target:   04278575
Solution: 01344542 (validated)
Votes:    1769/1769
Wallets:  450188:1769

Id:       1770
Winner:   450188
Target:   01344542
Solution: 04734290 (validated)
Votes:    1770/1770
Wallets:  450188:1770

Id:       1771
Winner:   450188
Target:   04734290
Solution: 02013145 (validated)
Votes:    1771/1771
Wallets:  450188:1771

Id:       1772
Winner:   450188
Target:   02013145
Solution: 05557231 (validated)
Votes:    1772/1772
Wallets:  450188:1772

Id:       1773
Winner:   450188
Target:   05557231
Solution: 07201065 (validated)
Votes:    1773/1773
Wallets:  450188:1773

Id:       1774
Winner:   450188
Target:   07201065
Solution: 06600533 (validated)
Votes:    1774/1774
Wallets:  450188:1774

Id:       1775
Winner:   450188
Target:   06600533
Solution: 02352957 (validated)
Votes:    1775/1775
Wallets:  450188:1775

Id:       1776
Winner:   450188
Target:   02352957
Solution: 05577791 (validated)
Votes:    1776/1776
Wallets:  450188:1776

Id:       1777
Winner:   450188
Target:   05577791
Solution: 02107606 (rejected)
Votes:    1777/1777
Wallets:  450188:1777

Id:       1778
Winner:   450188
Target:   05577791
Solution: 02107606 (validated)
Votes:    1778/1778
Wallets:  450188:1778

Id:       1779
Winner:   450188
Target:   02107606
Solution: 01143167 (validated)
Votes:    1779/1779
Wallets:  450188:1779

Id:       1780
Winner:   450188
Target:   01143167
Solution: 07762852 (validated)
Votes:    1780/1780
Wallets:  450188:1780

Id:       1781
Winner:   450188
Target:   07762852
Solution: 06055513 (validated)
Votes:    1781/1781
Wallets:  450188:1781

Id:       1782
Winner:   450188
Target:   06055513
Solution: 03348666 (validated)
Votes:    1782/1782
Wallets:  450188:1782

Id:       1783
Winner:   450188
Target:   03348666
Solution: 00066355 (validated)
Votes:    1783/1783
Wallets:  450188:1783

Id:       1784
Winner:   450188
Target:   00066355
Solution: 08245289 (validated)
Votes:    1784/1784
Wallets:  450188:1784

Id:       1785
Winner:   450188
Target:   08245289
Solution: 09466735 (validated)
Votes:    1785/1785
Wallets:  450188:1785

Id:       1786
Winner:   450188
Target:   09466735
Solution: 07735702 (validated)
Votes:    1786/1786
Wallets:  450188:1786

Id:       1787
Winner:   450188
Target:   07735702
Solution: 03440321 (validated)
Votes:    1787/1787
Wallets:  450188:1787

Id:       1788
Winner:   450188
Target:   03440321
Solution: 04943708 (validated)
Votes:    1788/1788
Wallets:  450188:1788

Id:       1789
Winner:   450188
Target:   04943708
Solution: 03994804 (validated)
Votes:    1789/1789
Wallets:  450188:1789

Id:       1790
Winner:   450188
Target:   03994804
Solution: 02275208 (validated)
Votes:    1790/1790
Wallets:  450188:1790

Id:       1791
Winner:   450188
Target:   02275208
Solution: 03801574 (validated)
Votes:    1791/1791
Wallets:  450188:1791

Id:       1792
Winner:   450188
Target:   03801574
Solution: 08087867 (validated)
Votes:    1792/1792
Wallets:  450188:1792

Id:       1793
Winner:   450188
Target:   08087867
Solution: 05365890 (validated)
Votes:    1793/1793
Wallets:  450188:1793

Id:       1794
Winner:   450188
Target:   05365890
Solution: 05700537 (validated)
Votes:    1794/1794
Wallets:  450188:1794

Id:       1795
Winner:   450188
Target:   05700537
Solution: 01021974 (validated)
Votes:    1795/1795
Wallets:  450188:1795

Id:       1796
Winner:   450188
Target:   01021974
Solution: 00046914 (validated)
Votes:    1796/1796
Wallets:  450188:1796

Id:       1797
Winner:   450188
Target:   00046914
Solution: 03031254 (validated)
Votes:    1797/1797
Wallets:  450188:1797

Id:       1798
Winner:   450188
Target:   03031254
Solution: 02626924 (validated)
Votes:    1798/1798
Wallets:  450188:1798

Id:       1799
Winner:   450188
Target:   02626924
Solution: 05136690 (validated)
Votes:    1799/1799
Wallets:  450188:1799

Id:       1800
Winner:   450188
Target:   05136690
Solution: 07319314 (validated)
Votes:    1800/1800
Wallets:  450188:1800

Id:       1801
Winner:   450188
Target:   07319314
Solution: 06036209 (validated)
Votes:    1801/1801
Wallets:  450188:1801

Id:       1802
Winner:   450188
Target:   06036209
Solution: 03770105 (validated)
Votes:    1802/1802
Wallets:  450188:1802

Id:       1803
Winner:   450188
Target:   03770105
Solution: 01129012 (validated)
Votes:    1803/1803
Wallets:  450188:1803

Id:       1804
Winner:   450188
Target:   01129012
Solution: 01862680 (validated)
Votes:    1804/1804
Wallets:  450188:1804

Id:       1805
Winner:   450188
Target:   01862680
Solution: 00763289 (rejected)
Votes:    1805/1805
Wallets:  450188:1805

Id:       1806
Winner:   450188
Target:   01862680
Solution: 00763289 (rejected)
Votes:    1806/1806
Wallets:  450188:1806

Id:       1807
Winner:   450188
Target:   01862680
Solution: 00763289 (validated)
Votes:    1807/1807
Wallets:  450188:1807

Id:       1808
Winner:   450188
Target:   00763289
Solution: 01591060 (validated)
Votes:    1808/1808
Wallets:  450188:1808

Id:       1809
Winner:   450188
Target:   01591060
Solution: 01930531 (validated)
Votes:    1809/1809
Wallets:  450188:1809

Id:       1810
Winner:   450188
Target:   01930531
Solution: 00767865 (validated)
Votes:    1810/1810
Wallets:  450188:1810

Id:       1811
Winner:   450188
Target:   00767865
Solution: 04246429 (validated)
Votes:    1811/1811
Wallets:  450188:1811

Id:       1812
Winner:   450188
Target:   04246429
Solution: 01711775 (validated)
Votes:    1812/1812
Wallets:  450188:1812

Id:       1813
Winner:   450188
Target:   01711775
Solution: 02827769 (validated)
Votes:    1813/1813
Wallets:  450188:1813

Id:       1814
Winner:   450188
Target:   02827769
Solution: 04461679 (validated)
Votes:    1814/1814
Wallets:  450188:1814

Id:       1815
Winner:   450188
Target:   04461679
Solution: 01676783 (validated)
Votes:    1815/1815
Wallets:  450188:1815

Id:       1816
Winner:   450188
Target:   01676783
Solution: 04929978 (validated)
Votes:    1816/1816
Wallets:  450188:1816

Id:       1817
Winner:   450188
Target:   04929978
Solution: 02149378 (validated)
Votes:    1817/1817
Wallets:  450188:1817

Id:       1818
Winner:   450188
Target:   02149378
Solution: 05151340 (validated)
Votes:    1818/1818
Wallets:  450188:1818

Id:       1819
Winner:   450188
Target:   05151340
Solution: 03004337 (validated)
Votes:    1819/1819
Wallets:  450188:1819

Id:       1820
Winner:   450188
Target:   03004337
Solution: 01787731 (validated)
Votes:    1820/1820
Wallets:  450188:1820

Id:       1821
Winner:   450188
Target:   01787731
Solution: 08057698 (validated)
Votes:    1821/1821
Wallets:  450188:1821

Id:       1822
Winner:   450188
Target:   08057698
Solution: 09045488 (validated)
Votes:    1822/1822
Wallets:  450188:1822

Id:       1823
Winner:   450188
Target:   09045488
Solution: 08951792 (validated)
Votes:    1823/1823
Wallets:  450188:1823

Id:       1824
Winner:   450188
Target:   08951792
Solution: 06667623 (validated)
Votes:    1824/1824
Wallets:  450188:1824

Id:       1825
Winner:   450188
Target:   06667623
Solution: 06812101 (validated)
Votes:    1825/1825
Wallets:  450188:1825

Id:       1826
Winner:   450188
Target:   06812101
Solution: 03087167 (validated)
Votes:    1826/1826
Wallets:  450188:1826

Id:       1827
Winner:   450188
Target:   03087167
Solution: 05391551 (validated)
Votes:    1827/1827
Wallets:  450188:1827

Id:       1828
Winner:   450188
Target:   05391551
Solution: 01214053 (validated)
Votes:    1828/1828
Wallets:  450188:1828

Id:       1829
Winner:   450188
Target:   01214053
Solution: 02495675 (validated)
Votes:    1829/1829
Wallets:  450188:1829

Id:       1830
Winner:   450188
Target:   02495675
Solution: 09291151 (validated)
Votes:    1830/1830
Wallets:  450188:1830

Id:       1831
Winner:   450188
Target:   09291151
Solution: 08341395 (validated)
Votes:    1831/1831
Wallets:  450188:1831

Id:       1832
Winner:   450188
Target:   08341395
Solution: 04632988 (validated)
Votes:    1832/1832
Wallets:  450188:1832

Id:       1833
Winner:   450188
Target:   04632988
Solution: 02040203 (validated)
Votes:    1833/1833
Wallets:  450188:1833

Id:       1834
Winner:   450188
Target:   02040203
Solution: 09788233 (validated)
Votes:    1834/1834
Wallets:  450188:1834

Id:       1835
Winner:   450188
Target:   09788233
Solution: 07742797 (validated)
Votes:    1835/1835
Wallets:  450188:1835

Id:       1836
Winner:   450188
Target:   07742797
Solution: 00323509 (validated)
Votes:    1836/1836
Wallets:  450188:1836

Id:       1837
Winner:   450188
Target:   00323509
Solution: 08161404 (validated)
Votes:    1837/1837
Wallets:  450188:1837

Id:       1838
Winner:   450188
Target:   08161404
Solution: 00267163 (validated)
Votes:    1838/1838
Wallets:  450188:1838

Id:       1839
Winner:   450188
Target:   00267163
Solution: 05829361 (validated)
Votes:    1839/1839
Wallets:  450188:1839

Id:       1840
Winner:   450188
Target:   05829361
Solution: 04900900 (validated)
Votes:    1840/1840
Wallets:  450188:1840

Id:       1841
Winner:   450188
Target:   04900900
Solution: 01229440 (validated)
Votes:    1841/1841
Wallets:  450188:1841

Id:       1842
Winner:   450188
Target:   01229440
Solution: 07188120 (validated)
Votes:    1842/1842
Wallets:  450188:1842

Id:       1843
Winner:   450188
Target:   07188120
Solution: 06833943 (validated)
Votes:    1843/1843
Wallets:  450188:1843

Id:       1844
Winner:   450188
Target:   06833943
Solution: 03732108 (validated)
Votes:    1844/1844
Wallets:  450188:1844

Id:       1845
Winner:   450188
Target:   03732108
Solution: 06672032 (validated)
Votes:    1845/1845
Wallets:  450188:1845

Id:       1846
Winner:   450188
Target:   06672032
Solution: 05662938 (validated)
Votes:    1846/1846
Wallets:  450188:1846

Id:       1847
Winner:   450188
Target:   05662938
Solution: 08268509 (validated)
Votes:    1847/1847
Wallets:  450188:1847

Id:       1848
Winner:   450188
Target:   08268509
Solution: 01992904 (validated)
Votes:    1848/1848
Wallets:  450188:1848

Id:       1849
Winner:   450188
Target:   01992904
Solution: 09177528 (validated)
Votes:    1849/1849
Wallets:  450188:1849

Id:       1850
Winner:   450188
Target:   09177528
Solution: 08509518 (rejected)
Votes:    1850/1850
Wallets:  450188:1850

Id:       1851
Winner:   450188
Target:   09177528
Solution: 08509518 (validated)
Votes:    1851/1851
Wallets:  450188:1851

Id:       1852
Winner:   450188
Target:   08509518
Solution: 07486666 (validated)
Votes:    1852/1852
Wallets:  450188:1852

Id:       1853
Winner:   450188
Target:   07486666
Solution: 03957072 (validated)
Votes:    1853/1853
Wallets:  450188:1853

Id:       1854
Winner:   450188
Target:   03957072
Solution: 01642604 (validated)
Votes:    1854/1854
Wallets:  450188:1854

Id:       1855
Winner:   450188
Target:   01642604
Solution: 03403065 (validated)
Votes:    1855/1855
Wallets:  450188:1855

Id:       1856
Winner:   450188
Target:   03403065
Solution: 07252788 (validated)
Votes:    1856/1856
Wallets:  450188:1856

Id:       1857
Winner:   450188
Target:   07252788
Solution: 05146604 (validated)
Votes:    1857/1857
Wallets:  450188:1857

Id:       1858
Winner:   450188
Target:   05146604
Solution: 00116295 (validated)
Votes:    1858/1858
Wallets:  450188:1858

Id:       1859
Winner:   450188
Target:   00116295
Solution: 09634758 (validated)
Votes:    1859/1859
Wallets:  450188:1859

Id:       1860
Winner:   450188
Target:   09634758
Solution: 06694823 (validated)
Votes:    1860/1860
Wallets:  450188:1860

Id:       1861
Winner:   450188
Target:   06694823
Solution: 06375723 (validated)
Votes:    1861/1861
Wallets:  450188:1861

Id:       1862
Winner:   450188
Target:   06375723
Solution: 05981707 (validated)
Votes:    1862/1862
Wallets:  450188:1862

Id:       1863
Winner:   450188
Target:   05981707
Solution: 06868985 (rejected)
Votes:    1863/1863
Wallets:  450188:1863

Id:       1864
Winner:   450188
Target:   05981707
Solution: 06868985 (rejected)
Votes:    1864/1864
Wallets:  450188:1864

Id:       1865
Winner:   450188
Target:   05981707
Solution: 06868985 (validated)
Votes:    1865/1865
Wallets:  450188:1865

Id:       1866
Winner:   450188
Target:   06868985
Solution: 08576026 (validated)
Votes:    1866/1866
Wallets:  450188:1866

Id:       1867
Winner:   450188
Target:   08576026
Solution: 03476218 (validated)
Votes:    1867/1867
Wallets:  450188:1867

Id:       1868
Winner:   450188
Target:   03476218
Solution: 07594264 (validated)
Votes:    1868/1868
Wallets:  450188:1868

Id:       1869
Winner:   450188
Target:   07594264
Solution: 01588345 (validated)
Votes:    1869/1869
Wallets:  450188:1869

Id:       1870
Winner:   450188
Target:   01588345
Solution: 07667630 (validated)
Votes:    1870/1870
Wallets:  450188:1870

Id:       1871
Winner:   450188
Target:   07667630
Solution: 04926448 (validated)
Votes:    1871/1871
Wallets:  450188:1871

Id:       1872
Winner:   450188
Target:   04926448
Solution: 07638583 (validated)
Votes:    1872/1872
Wallets:  450188:1872

Id:       1873
Winner:   450188
Target:   07638583
Solution: 04114076 (validated)
Votes:    1873/1873
Wallets:  450188:1873

Id:       1874
Winner:   450188
Target:   04114076
Solution: 05260562 (validated)
Votes:    1874/1874
Wallets:  450188:1874

Id:       1875
Winner:   450188
Target:   05260562
Solution: 09495744 (validated)
Votes:    1875/1875
Wallets:  450188:1875

Id:       1876
Winner:   450188
Target:   09495744
Solution: 04868649 (validated)
Votes:    1876/1876
Wallets:  450188:1876

Id:       1877
Winner:   450188
Target:   04868649
Solution: 08004970 (validated)
Votes:    1877/1877
Wallets:  450188:1877

Id:       1878
Winner:   450188
Target:   08004970
Solution: 01852095 (validated)
Votes:    1878/1878
Wallets:  450188:1878

Id:       1879
Winner:   450188
Target:   01852095
Solution: 06928050 (validated)
Votes:    1879/1879
Wallets:  450188:1879

Id:       1880
Winner:   450188
Target:   06928050
Solution: 02927305 (validated)
Votes:    1880/1880
Wallets:  450188:1880

Id:       1881
Winner:   450188
Target:   02927305
Solution: 00241867 (validated)
Votes:    1881/1881
Wallets:  450188:1881

Id:       1882
Winner:   450188
Target:   00241867
Solution: 08034778 (validated)
Votes:    1882/1882
Wallets:  450188:1882

Id:       1883
Winner:   450188
Target:   08034778
Solution: 08207596 (validated)
Votes:    1883/1883
Wallets:  450188:1883

Id:       1884
Winner:   450188
Target:   08207596
Solution: 04454367 (rejected)
Votes:    1884/1884
Wallets:  450188:1884

Id:       1885
Winner:   450188
Target:   08207596
Solution: 04454367 (rejected)
Votes:    1885/1885
Wallets:  450188:1885

Id:       1886
Winner:   450188
Target:   08207596
Solution: 04454367 (validated)
Votes:    1886/1886
Wallets:  450188:1886

Id:       1887
Winner:   450188
Target:   04454367
Solution: 04040633 (validated)
Votes:    1887/1887
Wallets:  450188:1887

Id:       1888
Winner:   450188
Target:   04040633
Solution: 02622798 (validated)
Votes:    1888/1888
Wallets:  450188:1888

Id:       1889
Winner:   450188
Target:   02622798
Solution: 05010282 (validated)
Votes:    1889/1889
Wallets:  450188:1889

Id:       1890
Winner:   450188
Target:   05010282
Solution: 07953520 (validated)
Votes:    1890/1890
Wallets:  450188:1890

Id:       1891
Winner:   450188
Target:   07953520
Solution: 02640767 (validated)
Votes:    1891/1891
Wallets:  450188:1891

Id:       1892
Winner:   450188
Target:   02640767
Solution: 06084186 (validated)
Votes:    1892/1892
Wallets:  450188:1892

Id:       1893
Winner:   450188
Target:   06084186
Solution: 08990927 (validated)
Votes:    1893/1893
Wallets:  450188:1893

Id:       1894
Winner:   450188
Target:   08990927
Solution: 07653367 (validated)
Votes:    1894/1894
Wallets:  450188:1894

Id:       1895
Winner:   450188
Target:   07653367
Solution: 09616746 (validated)
Votes:    1895/1895
Wallets:  450188:1895

Id:       1896
Winner:   450188
Target:   09616746
Solution: 02246651 (validated)
Votes:    1896/1896
Wallets:  450188:1896

Id:       1897
Winner:   450188
Target:   02246651
Solution: 03076907 (validated)
Votes:    1897/1897
Wallets:  450188:1897

Id:       1898
Winner:   450188
Target:   03076907
Solution: 01718804 (validated)
Votes:    1898/1898
Wallets:  450188:1898

Id:       1899
Winner:   450188
Target:   01718804
Solution: 01739490 (validated)
Votes:    1899/1899
Wallets:  450188:1899

Id:       1900
Winner:   450188
Target:   01739490
Solution: 00953311 (validated)
Votes:    1900/1900
Wallets:  450188:1900

Id:       1901
Winner:   450188
Target:   00953311
Solution: 05609968 (validated)
Votes:    1901/1901
Wallets:  450188:1901

Id:       1902
Winner:   450188
Target:   05609968
Solution: 01847939 (validated)
Votes:    1902/1902
Wallets:  450188:1902

Id:       1903
Winner:   450188
Target:   01847939
Solution: 08632584 (validated)
Votes:    1903/1903
Wallets:  450188:1903

Id:       1904
Winner:   450188
Target:   08632584
Solution: 06866380 (validated)
Votes:    1904/1904
Wallets:  450188:1904

Id:       1905
Winner:   450188
Target:   06866380
Solution: 07599671 (validated)
Votes:    1905/1905
Wallets:  450188:1905

Id:       1906
Winner:   450188
Target:   07599671
Solution: 05514645 (validated)
Votes:    1906/1906
Wallets:  450188:1906

Id:       1907
Winner:   450188
Target:   05514645
Solution: 04883506 (validated)
Votes:    1907/1907
Wallets:  450188:1907

Id:       1908
Winner:   450188
Target:   04883506
Solution: 05053269 (validated)
Votes:    1908/1908
Wallets:  450188:1908

Id:       1909
Winner:   450188
Target:   05053269
Solution: 07792421 (validated)
Votes:    1909/1909
Wallets:  450188:1909

Id:       1910
Winner:   450188
Target:   07792421
Solution: 09001664 (validated)
Votes:    1910/1910
Wallets:  450188:1910

Id:       1911
Winner:   450188
Target:   09001664
Solution: 06208609 (validated)
Votes:    1911/1911
Wallets:  450188:1911

Id:       1912
Winner:   450188
Target:   06208609
Solution: 09531686 (validated)
Votes:    1912/1912
Wallets:  450188:1912

Id:       1913
Winner:   450188
Target:   09531686
Solution: 04772792 (validated)
Votes:    1913/1913
Wallets:  450188:1913

Id:       1914
Winner:   450188
Target:   04772792
Solution: 05640056 (validated)
Votes:    1914/1914
Wallets:  450188:1914

Id:       1915
Winner:   450188
Target:   05640056
Solution: 01112345 (validated)
Votes:    1915/1915
Wallets:  450188:1915

Id:       1916
Winner:   450188
Target:   01112345
Solution: 05306548 (validated)
Votes:    1916/1916
Wallets:  450188:1916

Id:       1917
Winner:   450188
Target:   05306548
Solution: 04260483 (validated)
Votes:    1917/1917
Wallets:  450188:1917

Id:       1918
Winner:   450188
Target:   04260483
Solution: 01778882 (validated)
Votes:    1918/1918
Wallets:  450188:1918

Id:       1919
Winner:   450188
Target:   01778882
Solution: 00250761 (validated)
Votes:    1919/1919
Wallets:  450188:1919

Id:       1920
Winner:   450188
Target:   00250761
Solution: 03097605 (validated)
Votes:    1920/1920
Wallets:  450188:1920

Id:       1921
Winner:   450188
Target:   03097605
Solution: 04199327 (rejected)
Votes:    1921/1921
Wallets:  450188:1921

Id:       1922
Winner:   450188
Target:   03097605
Solution: 04199327 (validated)
Votes:    1922/1922
Wallets:  450188:1922

Id:       1923
Winner:   450188
Target:   04199327
Solution: 03074660 (validated)
Votes:    1923/1923
Wallets:  450188:1923

Id:       1924
Winner:   450188
Target:   03074660
Solution: 04887220 (validated)
Votes:    1924/1924
Wallets:  450188:1924

Id:       1925
Winner:   450188
Target:   04887220
Solution: 06330141 (validated)
Votes:    1925/1925
Wallets:  450188:1925

Id:       1926
Winner:   450188
Target:   06330141
Solution: 04556137 (validated)
Votes:    1926/1926
Wallets:  450188:1926

Id:       1927
Winner:   450188
Target:   04556137
Solution: 01444892 (validated)
Votes:    1927/1927
Wallets:  450188:1927

Id:       1928
Winner:   450188
Target:   01444892
Solution: 08821561 (validated)
Votes:    1928/1928
Wallets:  450188:1928

Id:       1929
Winner:   450188
Target:   08821561
Solution: 04679222 (validated)
Votes:    1929/1929
Wallets:  450188:1929

Id:       1930
Winner:   450188
Target:   04679222
Solution: 07663167 (validated)
Votes:    1930/1930
Wallets:  450188:1930

Id:       1931
Winner:   450188
Target:   07663167
Solution: 01373149 (validated)
Votes:    1931/1931
Wallets:  450188:1931

Id:       1932
Winner:   450188
Target:   01373149
Solution: 02407387 (validated)
Votes:    1932/1932
Wallets:  450188:1932

Id:       1933
Winner:   450188
Target:   02407387
Solution: 02874093 (validated)
Votes:    1933/1933
Wallets:  450188:1933

Id:       1934
Winner:   450188
Target:   02874093
Solution: 04591817 (validated)
Votes:    1934/1934
Wallets:  450188:1934

Id:       1935
Winner:   450188
Target:   04591817
Solution: 03342486 (validated)
Votes:    1935/1935
Wallets:  450188:1935

Id:       1936
Winner:   450188
Target:   03342486
Solution: 07325618 (validated)
Votes:    1936/1936
Wallets:  450188:1936

Id:       1937
Winner:   450188
Target:   07325618
Solution: 09204907 (validated)
Votes:    1937/1937
Wallets:  450188:1937

Id:       1938
Winner:   450188
Target:   09204907
Solution: 05146677 (validated)
Votes:    1938/1938
Wallets:  450188:1938

Id:       1939
Winner:   450188
Target:   05146677
Solution: 01659621 (validated)
Votes:    1939/1939
Wallets:  450188:1939

Id:       1940
Winner:   450188
Target:   01659621
Solution: 08591298 (validated)
Votes:    1940/1940
Wallets:  450188:1940

Id:       1941
Winner:   450188
Target:   08591298
Solution: 05189577 (validated)
Votes:    1941/1941
Wallets:  450188:1941

Id:       1942
Winner:   450188
Target:   05189577
Solution: 02809175 (rejected)
Votes:    1942/1942
Wallets:  450188:1942

Id:       1943
Winner:   450188
Target:   05189577
Solution: 02809175 (validated)
Votes:    1943/1943
Wallets:  450188:1943

Id:       1944
Winner:   450188
Target:   02809175
Solution: 01541612 (validated)
Votes:    1944/1944
Wallets:  450188:1944

Id:       1945
Winner:   450188
Target:   01541612
Solution: 04505783 (rejected)
Votes:    1945/1945
Wallets:  450188:1945

Id:       1946
Winner:   450188
Target:   01541612
Solution: 04505783 (validated)
Votes:    1946/1946
Wallets:  450188:1946

Id:       1947
Winner:   450188
Target:   04505783
Solution: 07326568 (validated)
Votes:    1947/1947
Wallets:  450188:1947

Id:       1948
Winner:   450188
Target:   07326568
Solution: 01213562 (validated)
Votes:    1948/1948
Wallets:  450188:1948

Id:       1949
Winner:   450188
Target:   01213562
Solution: 00469462 (validated)
Votes:    1949/1949
Wallets:  450188:1949

Id:       1950
Winner:   450188
Target:   00469462
Solution: 04394428 (validated)
Votes:    1950/1950
Wallets:  450188:1950

Id:       1951
Winner:   450188
Target:   04394428
Solution: 05044155 (validated)
Votes:    1951/1951
Wallets:  450188:1951

Id:       1952
Winner:   450188
Target:   05044155
Solution: 06161108 (validated)
Votes:    1952/1952
Wallets:  450188:1952

Id:       1953
Winner:   450188
Target:   06161108
Solution: 07252548 (validated)
Votes:    1953/1953
Wallets:  450188:1953

Id:       1954
Winner:   450188
Target:   07252548
Solution: 09796443 (validated)
Votes:    1954/1954
Wallets:  450188:1954

Id:       1955
Winner:   450188
Target:   09796443
Solution: 06559853 (validated)
Votes:    1955/1955
Wallets:  450188:1955

Id:       1956
Winner:   450188
Target:   06559853
Solution: 05681453 (validated)
Votes:    1956/1956
Wallets:  450188:1956

Id:       1957
Winner:   450188
Target:   05681453
Solution: 08011899 (validated)
Votes:    1957/1957
Wallets:  450188:1957

Id:       1958
Winner:   450188
Target:   08011899
Solution: 06866956 (validated)
Votes:    1958/1958
Wallets:  450188:1958

Id:       1959
Winner:   450188
Target:   06866956
Solution: 04438215 (validated)
Votes:    1959/1959
Wallets:  450188:1959

Id:       1960
Winner:   450188
Target:   04438215
Solution: 06046421 (validated)
Votes:    1960/1960
Wallets:  450188:1960

Id:       1961
Winner:   450188
Target:   06046421
Solution: 04373741 (validated)
Votes:    1961/1961
Wallets:  450188:1961

Id:       1962
Winner:   450188
Target:   04373741
Solution: 03891826 (validated)
Votes:    1962/1962
Wallets:  450188:1962

Id:       1963
Winner:   450188
Target:   03891826
Solution: 02614383 (validated)
Votes:    1963/1963
Wallets:  450188:1963

Id:       1964
Winner:   450188
Target:   02614383
Solution: 08706966 (rejected)
Votes:    1964/1964
Wallets:  450188:1964

Id:       1965
Winner:   450188
Target:   02614383
Solution: 08706966 (validated)
Votes:    1965/1965
Wallets:  450188:1965

Id:       1966
Winner:   450188
Target:   08706966
Solution: 00184605 (validated)
Votes:    1966/1966
Wallets:  450188:1966

Id:       1967
Winner:   450188
Target:   00184605
Solution: 09619473 (validated)
Votes:    1967/1967
Wallets:  450188:1967

Id:       1968
Winner:   450188
Target:   09619473
Solution: 09773951 (validated)
Votes:    1968/1968
Wallets:  450188:1968

Id:       1969
Winner:   450188
Target:   09773951
Solution: 05594534 (validated)
Votes:    1969/1969
Wallets:  450188:1969

Id:       1970
Winner:   450188
Target:   05594534
Solution: 06022588 (validated)
Votes:    1970/1970
Wallets:  450188:1970

Id:       1971
Winner:   450188
Target:   06022588
Solution: 03270414 (validated)
Votes:    1971/1971
Wallets:  450188:1971

Id:       1972
Winner:   450188
Target:   03270414
Solution: 02994920 (validated)
Votes:    1972/1972
Wallets:  450188:1972

Id:       1973
Winner:   450188
Target:   02994920
Solution: 02652617 (validated)
Votes:    1973/1973
Wallets:  450188:1973

Id:       1974
Winner:   450188
Target:   02652617
Solution: 02696280 (validated)
Votes:    1974/1974
Wallets:  450188:1974

Id:       1975
Winner:   450188
Target:   02696280
Solution: 03268282 (rejected)
Votes:    1975/1975
Wallets:  450188:1975

Id:       1976
Winner:   450188
Target:   02696280
Solution: 03268282 (validated)
Votes:    1976/1976
Wallets:  450188:1976

Id:       1977
Winner:   450188
Target:   03268282
Solution: 09142422 (validated)
Votes:    1977/1977
Wallets:  450188:1977

Id:       1978
Winner:   450188
Target:   09142422
Solution: 09571149 (validated)
Votes:    1978/1978
Wallets:  450188:1978

Id:       1979
Winner:   450188
Target:   09571149
Solution: 01736552 (validated)
Votes:    1979/1979
Wallets:  450188:1979

Id:       1980
Winner:   450188
Target:   01736552
Solution: 04304097 (rejected)
Votes:    1980/1980
Wallets:  450188:1980

Id:       1981
Winner:   450188
Target:   01736552
Solution: 04304097 (validated)
Votes:    1981/1981
Wallets:  450188:1981

Id:       1982
Winner:   450188
Target:   04304097
Solution: 07340962 (validated)
Votes:    1982/1982
Wallets:  450188:1982

Id:       1983
Winner:   450188
Target:   07340962
Solution: 00525387 (validated)
Votes:    1983/1983
Wallets:  450188:1983

Id:       1984
Winner:   450188
Target:   00525387
Solution: 00428060 (validated)
Votes:    1984/1984
Wallets:  450188:1984

Id:       1985
Winner:   450188
Target:   00428060
Solution: 07797728 (validated)
Votes:    1985/1985
Wallets:  450188:1985

Id:       1986
Winner:   450188
Target:   07797728
Solution: 09033407 (validated)
Votes:    1986/1986
Wallets:  450188:1986

Id:       1987
Winner:   450188
Target:   09033407
Solution: 04443018 (validated)
Votes:    1987/1987
Wallets:  450188:1987

Id:       1988
Winner:   450188
Target:   04443018
Solution: 08844438 (validated)
Votes:    1988/1988
Wallets:  450188:1988

Id:       1989
Winner:   450188
Target:   08844438
Solution: 02142846 (validated)
Votes:    1989/1989
Wallets:  450188:1989

Id:       1990
Winner:   450188
Target:   02142846
Solution: 09899183 (rejected)
Votes:    1990/1990
Wallets:  450188:1990

Id:       1991
Winner:   450188
Target:   02142846
Solution: 09899183 (validated)
Votes:    1991/1991
Wallets:  450188:1991

Id:       1992
Winner:   450188
Target:   09899183
Solution: 04749836 (validated)
Votes:    1992/1992
Wallets:  450188:1992

Id:       1993
Winner:   450188
Target:   04749836
Solution: 04999755 (validated)
Votes:    1993/1993
Wallets:  450188:1993

Id:       1994
Winner:   450188
Target:   04999755
Solution: 06579381 (rejected)
Votes:    1994/1994
Wallets:  450188:1994

Id:       1995
Winner:   450188
Target:   04999755
Solution: 06579381 (validated)
Votes:    1995/1995
Wallets:  450188:1995

Id:       1996
Winner:   450188
Target:   06579381
Solution: 09584835 (validated)
Votes:    1996/1996
Wallets:  450188:1996

Id:       1997
Winner:   450188
Target:   09584835
Solution: 08266899 (validated)
Votes:    1997/1997
Wallets:  450188:1997

Id:       1998
Winner:   450188
Target:   08266899
Solution: 00276488 (validated)
Votes:    1998/1998
Wallets:  450188:1998

Id:       1999
Winner:   450188
Target:   00276488
Solution: 06580285 (rejected)
Votes:    1999/1999
Wallets:  450188:1999

Id:       2000
Winner:   450188
Target:   00276488
Solution: 06580285 (validated)
Votes:    2000/2000
Wallets:  450188:2000

Id:       2001
Winner:   450188
Target:   06580285
Solution: 02401395 (validated)
Votes:    2001/2001
Wallets:  450188:2001

Id:       2002
Winner:   450188
Target:   02401395
Solution: 04658071 (validated)
Votes:    2002/2002
Wallets:  450188:2002

Id:       2003
Winner:   450188
Target:   04658071
Solution: 06835856 (validated)
Votes:    2003/2003
Wallets:  450188:2003

Id:       2004
Winner:   450188
Target:   06835856
Solution: 02952325 (validated)
Votes:    2004/2004
Wallets:  450188:2004

Id:       2005
Winner:   450188
Target:   02952325
Solution: 02883880 (validated)
Votes:    2005/2005
Wallets:  450188:2005

Id:       2006
Winner:   450188
Target:   02883880
Solution: 01140707 (validated)
Votes:    2006/2006
Wallets:  450188:2006

Id:       2007
Winner:   450188
Target:   01140707
Solution: 07934641 (validated)
Votes:    2007/2007
Wallets:  450188:2007

Id:       2008
Winner:   450188
Target:   07934641
Solution: 07116952 (validated)
Votes:    2008/2008
Wallets:  450188:2008

Id:       2009
Winner:   450188
Target:   07116952
Solution: 05317502 (validated)
Votes:    2009/2009
Wallets:  450188:2009

Id:       2010
Winner:   450188
Target:   05317502
Solution: 03568687 (rejected)
Votes:    2010/2010
Wallets:  450188:2010

Id:       2011
Winner:   450188
Target:   05317502
Solution: 03568687 (validated)
Votes:    2011/2011
Wallets:  450188:2011

Id:       2012
Winner:   450188
Target:   03568687
Solution: 00783306 (validated)
Votes:    2012/2012
Wallets:  450188:2012

Id:       2013
Winner:   450188
Target:   00783306
Solution: 03643639 (rejected)
Votes:    2013/2013
Wallets:  450188:2013

Id:       2014
Winner:   450188
Target:   00783306
Solution: 03643639 (validated)
Votes:    2014/2014
Wallets:  450188:2014

Id:       2015
Winner:   450188
Target:   03643639
Solution: 09302118 (validated)
Votes:    2015/2015
Wallets:  450188:2015

Id:       2016
Winner:   450188
Target:   09302118
Solution: 02857112 (validated)
Votes:    2016/2016
Wallets:  450188:2016

Id:       2017
Winner:   450188
Target:   02857112
Solution: 09203690 (rejected)
Votes:    2017/2017
Wallets:  450188:2017

Id:       2018
Winner:   450188
Target:   02857112
Solution: 09203690 (validated)
Votes:    2018/2018
Wallets:  450188:2018

Id:       2019
Winner:   450188
Target:   09203690
Solution: 05438933 (validated)
Votes:    2019/2019
Wallets:  450188:2019

Id:       2020
Winner:   450188
Target:   05438933
Solution: 02757770 (validated)
Votes:    2020/2020
Wallets:  450188:2020

Id:       2021
Winner:   450188
Target:   02757770
Solution: 09581568 (validated)
Votes:    2021/2021
Wallets:  450188:2021

Id:       2022
Winner:   450188
Target:   09581568
Solution: 03703464 (validated)
Votes:    2022/2022
Wallets:  450188:2022

Id:       2023
Winner:   450188
Target:   03703464
Solution: 07258018 (validated)
Votes:    2023/2023
Wallets:  450188:2023

Id:       2024
Winner:   450188
Target:   07258018
Solution: 05878686 (validated)
Votes:    2024/2024
Wallets:  450188:2024

Id:       2025
Winner:   450188
Target:   05878686
Solution: 03833892 (rejected)
Votes:    2025/2025
Wallets:  450188:2025

Id:       2026
Winner:   450188
Target:   05878686
Solution: 03833892 (validated)
Votes:    2026/2026
Wallets:  450188:2026

Id:       2027
Winner:   450188
Target:   03833892
Solution: 01222312 (validated)
Votes:    2027/2027
Wallets:  450188:2027

Id:       2028
Winner:   450188
Target:   01222312
Solution: 06320350 (validated)
Votes:    2028/2028
Wallets:  450188:2028

Id:       2029
Winner:   450188
Target:   06320350
Solution: 00253215 (validated)
Votes:    2029/2029
Wallets:  450188:2029

Id:       2030
Winner:   450188
Target:   00253215
Solution: 01292465 (validated)
Votes:    2030/2030
Wallets:  450188:2030

Id:       2031
Winner:   450188
Target:   01292465
Solution: 09797480 (validated)
Votes:    2031/2031
Wallets:  450188:2031

Id:       2032
Winner:   450188
Target:   09797480
Solution: 07255552 (validated)
Votes:    2032/2032
Wallets:  450188:2032

Id:       2033
Winner:   450188
Target:   07255552
Solution: 04417124 (validated)
Votes:    2033/2033
Wallets:  450188:2033

Id:       2034
Winner:   450188
Target:   04417124
Solution: 01557226 (validated)
Votes:    2034/2034
Wallets:  450188:2034

Id:       2035
Winner:   450188
Target:   01557226
Solution: 09340876 (validated)
Votes:    2035/2035
Wallets:  450188:2035

Id:       2036
Winner:   450188
Target:   09340876
Solution: 02857221 (validated)
Votes:    2036/2036
Wallets:  450188:2036

Id:       2037
Winner:   450188
Target:   02857221
Solution: 00551728 (validated)
Votes:    2037/2037
Wallets:  450188:2037

Id:       2038
Winner:   450188
Target:   00551728
Solution: 04428709 (validated)
Votes:    2038/2038
Wallets:  450188:2038

Id:       2039
Winner:   450188
Target:   04428709
Solution: 04344944 (validated)
Votes:    2039/2039
Wallets:  450188:2039

Id:       2040
Winner:   450188
Target:   04344944
Solution: 07816998 (validated)
Votes:    2040/2040
Wallets:  450188:2040

Id:       2041
Winner:   450188
Target:   07816998
Solution: 02688878 (validated)
Votes:    2041/2041
Wallets:  450188:2041

Id:       2042
Winner:   450188
Target:   02688878
Solution: 01127261 (validated)
Votes:    2042/2042
Wallets:  450188:2042

Id:       2043
Winner:   450188
Target:   01127261
Solution: 06752152 (validated)
Votes:    2043/2043
Wallets:  450188:2043

Id:       2044
Winner:   450188
Target:   06752152
Solution: 04701003 (validated)
Votes:    2044/2044
Wallets:  450188:2044

Id:       2045
Winner:   450188
Target:   04701003
Solution: 00033787 (validated)
Votes:    2045/2045
Wallets:  450188:2045

Id:       2046
Winner:   450188
Target:   00033787
Solution: 00375603 (validated)
Votes:    2046/2046
Wallets:  450188:2046

Id:       2047
Winner:   450188
Target:   00375603
Solution: 06059759 (validated)
Votes:    2047/2047
Wallets:  450188:2047

Id:       2048
Winner:   450188
Target:   06059759
Solution: 06149003 (validated)
Votes:    2048/2048
Wallets:  450188:2048

Id:       2049
Winner:   450188
Target:   06149003
Solution: 06208067 (validated)
Votes:    2049/2049
Wallets:  450188:2049

Id:       2050
Winner:   450188
Target:   06208067
Solution: 08618535 (validated)
Votes:    2050/2050
Wallets:  450188:2050

Id:       2051
Winner:   450188
Target:   08618535
Solution: 06494116 (validated)
Votes:    2051/2051
Wallets:  450188:2051

Id:       2052
Winner:   450188
Target:   06494116
Solution: 04627019 (validated)
Votes:    2052/2052
Wallets:  450188:2052

Id:       2053
Winner:   450188
Target:   04627019
Solution: 08419077 (validated)
Votes:    2053/2053
Wallets:  450188:2053

Id:       2054
Winner:   450188
Target:   08419077
Solution: 06499230 (rejected)
Votes:    2054/2054
Wallets:  450188:2054

Id:       2055
Winner:   450188
Target:   08419077
Solution: 06499230 (validated)
Votes:    2055/2055
Wallets:  450188:2055

Id:       2056
Winner:   450188
Target:   06499230
Solution: 00441507 (validated)
Votes:    2056/2056
Wallets:  450188:2056

Id:       2057
Winner:   450188
Target:   00441507
Solution: 00921028 (validated)
Votes:    2057/2057
Wallets:  450188:2057

Id:       2058
Winner:   450188
Target:   00921028
Solution: 00341727 (validated)
Votes:    2058/2058
Wallets:  450188:2058

Id:       2059
Winner:   450188
Target:   00341727
Solution: 02036647 (validated)
Votes:    2059/2059
Wallets:  450188:2059

Id:       2060
Winner:   450188
Target:   02036647
Solution: 04867018 (validated)
Votes:    2060/2060
Wallets:  450188:2060

Id:       2061
Winner:   450188
Target:   04867018
Solution: 05570674 (validated)
Votes:    2061/2061
Wallets:  450188:2061

Id:       2062
Winner:   450188
Target:   05570674
Solution: 02568030 (validated)
Votes:    2062/2062
Wallets:  450188:2062

Id:       2063
Winner:   450188
Target:   02568030
Solution: 02348581 (validated)
Votes:    2063/2063
Wallets:  450188:2063

Id:       2064
Winner:   450188
Target:   02348581
Solution: 00713839 (validated)
Votes:    2064/2064
Wallets:  450188:2064

Id:       2065
Winner:   450188
Target:   00713839
Solution: 00289296 (validated)
Votes:    2065/2065
Wallets:  450188:2065

Id:       2066
Winner:   450188
Target:   00289296
Solution: 00711401 (validated)
Votes:    2066/2066
Wallets:  450188:2066

Id:       2067
Winner:   450188
Target:   00711401
Solution: 03117473 (validated)
Votes:    2067/2067
Wallets:  450188:2067

Id:       2068
Winner:   450188
Target:   03117473
Solution: 07347427 (validated)
Votes:    2068/2068
Wallets:  450188:2068

Id:       2069
Winner:   450188
Target:   07347427
Solution: 05865266 (validated)
Votes:    2069/2069
Wallets:  450188:2069

Id:       2070
Winner:   450188
Target:   05865266
Solution: 03064126 (validated)
Votes:    2070/2070
Wallets:  450188:2070

Id:       2071
Winner:   450188
Target:   03064126
Solution: 09938919 (validated)
Votes:    2071/2071
Wallets:  450188:2071

Id:       2072
Winner:   450188
Target:   09938919
Solution: 01048339 (validated)
Votes:    2072/2072
Wallets:  450188:2072

Id:       2073
Winner:   450188
Target:   01048339
Solution: 00583270 (validated)
Votes:    2073/2073
Wallets:  450188:2073

Id:       2074
Winner:   450188
Target:   00583270
Solution: 02933193 (validated)
Votes:    2074/2074
Wallets:  450188:2074

Id:       2075
Winner:   450188
Target:   02933193
Solution: 06804694 (validated)
Votes:    2075/2075
Wallets:  450188:2075

Id:       2076
Winner:   450188
Target:   06804694
Solution: 01251303 (validated)
Votes:    2076/2076
Wallets:  450188:2076

Id:       2077
Winner:   450188
Target:   01251303
Solution: 08550941 (validated)
Votes:    2077/2077
Wallets:  450188:2077

Id:       2078
Winner:   450188
Target:   08550941
Solution: 04801246 (validated)
Votes:    2078/2078
Wallets:  450188:2078

Id:       2079
Winner:   450188
Target:   04801246
Solution: 06652339 (rejected)
Votes:    2079/2079
Wallets:  450188:2079

Id:       2080
Winner:   450188
Target:   04801246
Solution: 06652339 (validated)
Votes:    2080/2080
Wallets:  450188:2080

Id:       2081
Winner:   450188
Target:   06652339
Solution: 01832040 (validated)
Votes:    2081/2081
Wallets:  450188:2081

Id:       2082
Winner:   450188
Target:   01832040
Solution: 01196046 (validated)
Votes:    2082/2082
Wallets:  450188:2082

Id:       2083
Winner:   450188
Target:   01196046
Solution: 07740043 (validated)
Votes:    2083/2083
Wallets:  450188:2083

Id:       2084
Winner:   450188
Target:   07740043
Solution: 00442675 (validated)
Votes:    2084/2084
Wallets:  450188:2084

Id:       2085
Winner:   450188
Target:   00442675
Solution: 05618850 (validated)
Votes:    2085/2085
Wallets:  450188:2085

Id:       2086
Winner:   450188
Target:   05618850
Solution: 03641761 (rejected)
Votes:    2086/2086
Wallets:  450188:2086

Id:       2087
Winner:   450188
Target:   05618850
Solution: 03641761 (validated)
Votes:    2087/2087
Wallets:  450188:2087

Id:       2088
Winner:   450188
Target:   03641761
Solution: 07945802 (validated)
Votes:    2088/2088
Wallets:  450188:2088

Id:       2089
Winner:   450188
Target:   07945802
Solution: 07788432 (validated)
Votes:    2089/2089
Wallets:  450188:2089

Id:       2090
Winner:   450188
Target:   07788432
Solution: 04513033 (rejected)
Votes:    2090/2090
Wallets:  450188:2090

Id:       2091
Winner:   450188
Target:   07788432
Solution: 04513033 (rejected)
Votes:    2091/2091
Wallets:  450188:2091

Id:       2092
Winner:   450188
Target:   07788432
Solution: 04513033 (validated)
Votes:    2092/2092
Wallets:  450188:2092

Id:       2093
Winner:   450188
Target:   04513033
Solution: 04747586 (validated)
Votes:    2093/2093
Wallets:  450188:2093

Id:       2094
Winner:   450188
Target:   04747586
Solution: 02352647 (validated)
Votes:    2094/2094
Wallets:  450188:2094

Id:       2095
Winner:   450188
Target:   02352647
Solution: 04502131 (validated)
Votes:    2095/2095
Wallets:  450188:2095

Id:       2096
Winner:   450188
Target:   04502131
Solution: 06264828 (validated)
Votes:    2096/2096
Wallets:  450188:2096

Id:       2097
Winner:   450188
Target:   06264828
Solution: 05617941 (validated)
Votes:    2097/2097
Wallets:  450188:2097

Id:       2098
Winner:   450188
Target:   05617941
Solution: 01132661 (validated)
Votes:    2098/2098
Wallets:  450188:2098

Id:       2099
Winner:   450188
Target:   01132661
Solution: 07106593 (validated)
Votes:    2099/2099
Wallets:  450188:2099

Id:       2100
Winner:   450188
Target:   07106593
Solution: 09686403 (validated)
Votes:    2100/2100
Wallets:  450188:2100

Id:       2101
Winner:   450188
Target:   09686403
Solution: 04002725 (validated)
Votes:    2101/2101
Wallets:  450188:2101

Id:       2102
Winner:   450188
Target:   04002725
Solution: 00734484 (validated)
Votes:    2102/2102
Wallets:  450188:2102

Id:       2103
Winner:   450188
Target:   00734484
Solution: 00005865 (rejected)
Votes:    2103/2103
Wallets:  450188:2103

Id:       2104
Winner:   450188
Target:   00734484
Solution: 00005865 (rejected)
Votes:    2104/2104
Wallets:  450188:2104

Id:       2105
Winner:   450188
Target:   00734484
Solution: 00005865 (validated)
Votes:    2105/2105
Wallets:  450188:2105

Id:       2106
Winner:   450188
Target:   00005865
Solution: 00886785 (validated)
Votes:    2106/2106
Wallets:  450188:2106

Id:       2107
Winner:   450188
Target:   00886785
Solution: 04720363 (validated)
Votes:    2107/2107
Wallets:  450188:2107

Id:       2108
Winner:   450188
Target:   04720363
Solution: 08191826 (validated)
Votes:    2108/2108
Wallets:  450188:2108

Id:       2109
Winner:   450188
Target:   08191826
Solution: 07140633 (validated)
Votes:    2109/2109
Wallets:  450188:2109

Id:       2110
Winner:   450188
Target:   07140633
Solution: 01700826 (validated)
Votes:    2110/2110
Wallets:  450188:2110

Id:       2111
Winner:   450188
Target:   01700826
Solution: 03214408 (rejected)
Votes:    2111/2111
Wallets:  450188:2111

Id:       2112
Winner:   450188
Target:   01700826
Solution: 03214408 (validated)
Votes:    2112/2112
Wallets:  450188:2112

Id:       2113
Winner:   450188
Target:   03214408
Solution: 09905292 (validated)
Votes:    2113/2113
Wallets:  450188:2113

Id:       2114
Winner:   450188
Target:   09905292
Solution: 09821960 (validated)
Votes:    2114/2114
Wallets:  450188:2114

Id:       2115
Winner:   450188
Target:   09821960
Solution: 02863733 (validated)
Votes:    2115/2115
Wallets:  450188:2115

Id:       2116
Winner:   450188
Target:   02863733
Solution: 07022210 (rejected)
Votes:    2116/2116
Wallets:  450188:2116

Id:       2117
Winner:   450188
Target:   02863733
Solution: 07022210 (validated)
Votes:    2117/2117
Wallets:  450188:2117

Id:       2118
Winner:   450188
Target:   07022210
Solution: 04886456 (validated)
Votes:    2118/2118
Wallets:  450188:2118

Id:       2119
Winner:   450188
Target:   04886456
Solution: 04969185 (validated)
Votes:    2119/2119
Wallets:  450188:2119

Id:       2120
Winner:   450188
Target:   04969185
Solution: 02739940 (validated)
Votes:    2120/2120
Wallets:  450188:2120

Id:       2121
Winner:   450188
Target:   02739940
Solution: 08022457 (validated)
Votes:    2121/2121
Wallets:  450188:2121

Id:       2122
Winner:   450188
Target:   08022457
Solution: 08348661 (rejected)
Votes:    2122/2122
Wallets:  450188:2122

Id:       2123
Winner:   450188
Target:   08022457
Solution: 08348661 (validated)
Votes:    2123/2123
Wallets:  450188:2123

Id:       2124
Winner:   450188
Target:   08348661
Solution: 03077043 (validated)
Votes:    2124/2124
Wallets:  450188:2124

Id:       2125
Winner:   450188
Target:   03077043
Solution: 05415770 (validated)
Votes:    2125/2125
Wallets:  450188:2125

Id:       2126
Winner:   450188
Target:   05415770
Solution: 00754193 (validated)
Votes:    2126/2126
Wallets:  450188:2126

Id:       2127
Winner:   450188
Target:   00754193
Solution: 04859800 (validated)
Votes:    2127/2127
Wallets:  450188:2127

Id:       2128
Winner:   450188
Target:   04859800
Solution: 00198033 (validated)
Votes:    2128/2128
Wallets:  450188:2128

Id:       2129
Winner:   450188
Target:   00198033
Solution: 05901909 (validated)
Votes:    2129/2129
Wallets:  450188:2129

Id:       2130
Winner:   450188
Target:   05901909
Solution: 02175585 (validated)
Votes:    2130/2130
Wallets:  450188:2130

Id:       2131
Winner:   450188
Target:   02175585
Solution: 09332039 (validated)
Votes:    2131/2131
Wallets:  450188:2131

Id:       2132
Winner:   450188
Target:   09332039
Solution: 08314683 (validated)
Votes:    2132/2132
Wallets:  450188:2132

Id:       2133
Winner:   450188
Target:   08314683
Solution: 01280055 (validated)
Votes:    2133/2133
Wallets:  450188:2133

Id:       2134
Winner:   450188
Target:   01280055
Solution: 07372182 (validated)
Votes:    2134/2134
Wallets:  450188:2134

Id:       2135
Winner:   450188
Target:   07372182
Solution: 04685206 (validated)
Votes:    2135/2135
Wallets:  450188:2135

Id:       2136
Winner:   450188
Target:   04685206
Solution: 00368822 (validated)
Votes:    2136/2136
Wallets:  450188:2136

Id:       2137
Winner:   450188
Target:   00368822
Solution: 08008566 (validated)
Votes:    2137/2137
Wallets:  450188:2137

Id:       2138
Winner:   450188
Target:   08008566
Solution: 04332054 (validated)
Votes:    2138/2138
Wallets:  450188:2138

Id:       2139
Winner:   450188
Target:   04332054
Solution: 04693681 (validated)
Votes:    2139/2139
Wallets:  450188:2139

Id:       2140
Winner:   450188
Target:   04693681
Solution: 03007951 (validated)
Votes:    2140/2140
Wallets:  450188:2140

Id:       2141
Winner:   450188
Target:   03007951
Solution: 09167743 (validated)
Votes:    2141/2141
Wallets:  450188:2141

Id:       2142
Winner:   450188
Target:   09167743
Solution: 05839947 (validated)
Votes:    2142/2142
Wallets:  450188:2142

Id:       2143
Winner:   450188
Target:   05839947
Solution: 00674647 (validated)
Votes:    2143/2143
Wallets:  450188:2143

Id:       2144
Winner:   450188
Target:   00674647
Solution: 08780960 (validated)
Votes:    2144/2144
Wallets:  450188:2144

Id:       2145
Winner:   450188
Target:   08780960
Solution: 01186698 (validated)
Votes:    2145/2145
Wallets:  450188:2145

Id:       2146
Winner:   450188
Target:   01186698
Solution: 02394223 (validated)
Votes:    2146/2146
Wallets:  450188:2146

Id:       2147
Winner:   450188
Target:   02394223
Solution: 08475222 (rejected)
Votes:    2147/2147
Wallets:  450188:2147

Id:       2148
Winner:   450188
Target:   02394223
Solution: 08475222 (validated)
Votes:    2148/2148
Wallets:  450188:2148

Id:       2149
Winner:   450188
Target:   08475222
Solution: 09101348 (validated)
Votes:    2149/2149
Wallets:  450188:2149

Id:       2150
Winner:   450188
Target:   09101348
Solution: 08952465 (validated)
Votes:    2150/2150
Wallets:  450188:2150

Id:       2151
Winner:   450188
Target:   08952465
Solution: 01585200 (validated)
Votes:    2151/2151
Wallets:  450188:2151

Id:       2152
Winner:   450188
Target:   01585200
Solution: 09655140 (validated)
Votes:    2152/2152
Wallets:  450188:2152

Id:       2153
Winner:   450188
Target:   09655140
Solution: 06466335 (validated)
Votes:    2153/2153
Wallets:  450188:2153

Id:       2154
Winner:   450188
Target:   06466335
Solution: 08530010 (validated)
Votes:    2154/2154
Wallets:  450188:2154

Id:       2155
Winner:   450188
Target:   08530010
Solution: 00544724 (validated)
Votes:    2155/2155
Wallets:  450188:2155

Id:       2156
Winner:   450188
Target:   00544724
Solution: 03991203 (validated)
Votes:    2156/2156
Wallets:  450188:2156

Id:       2157
Winner:   450188
Target:   03991203
Solution: 00100406 (validated)
Votes:    2157/2157
Wallets:  450188:2157

Id:       2158
Winner:   450188
Target:   00100406
Solution: 01587906 (validated)
Votes:    2158/2158
Wallets:  450188:2158

Id:       2159
Winner:   450188
Target:   01587906
Solution: 06466863 (validated)
Votes:    2159/2159
Wallets:  450188:2159

Id:       2160
Winner:   450188
Target:   06466863
Solution: 02299443 (validated)
Votes:    2160/2160
Wallets:  450188:2160

Id:       2161
Winner:   450188
Target:   02299443
Solution: 04364751 (validated)
Votes:    2161/2161
Wallets:  450188:2161

Id:       2162
Winner:   450188
Target:   04364751
Solution: 02690777 (validated)
Votes:    2162/2162
Wallets:  450188:2162

Id:       2163
Winner:   450188
Target:   02690777
Solution: 03201457 (validated)
Votes:    2163/2163
Wallets:  450188:2163

Id:       2164
Winner:   450188
Target:   03201457
Solution: 08505351 (rejected)
Votes:    2164/2164
Wallets:  450188:2164

Id:       2165
Winner:   450188
Target:   03201457
Solution: 08505351 (validated)
Votes:    2165/2165
Wallets:  450188:2165

Id:       2166
Winner:   450188
Target:   08505351
Solution: 07863006 (validated)
Votes:    2166/2166
Wallets:  450188:2166

Id:       2167
Winner:   450188
Target:   07863006
Solution: 00110005 (validated)
Votes:    2167/2167
Wallets:  450188:2167

Id:       2168
Winner:   450188
Target:   00110005
Solution: 03612081 (validated)
Votes:    2168/2168
Wallets:  450188:2168

Id:       2169
Winner:   450188
Target:   03612081
Solution: 09774597 (validated)
Votes:    2169/2169
Wallets:  450188:2169

Id:       2170
Winner:   450188
Target:   09774597
Solution: 08158577 (validated)
Votes:    2170/2170
Wallets:  450188:2170

Id:       2171
Winner:   450188
Target:   08158577
Solution: 08840700 (validated)
Votes:    2171/2171
Wallets:  450188:2171

Id:       2172
Winner:   450188
Target:   08840700
Solution: 04330267 (validated)
Votes:    2172/2172
Wallets:  450188:2172

Id:       2173
Winner:   450188
Target:   04330267
Solution: 09780744 (validated)
Votes:    2173/2173
Wallets:  450188:2173

Id:       2174
Winner:   450188
Target:   09780744
Solution: 06912429 (rejected)
Votes:    2174/2174
Wallets:  450188:2174

Id:       2175
Winner:   450188
Target:   09780744
Solution: 06912429 (validated)
Votes:    2175/2175
Wallets:  450188:2175

Id:       2176
Winner:   450188
Target:   06912429
Solution: 04518050 (validated)
Votes:    2176/2176
Wallets:  450188:2176

Id:       2177
Winner:   450188
Target:   04518050
Solution: 02483041 (validated)
Votes:    2177/2177
Wallets:  450188:2177

Id:       2178
Winner:   450188
Target:   02483041
Solution: 02541032 (validated)
Votes:    2178/2178
Wallets:  450188:2178

Id:       2179
Winner:   450188
Target:   02541032
Solution: 04453392 (validated)
Votes:    2179/2179
Wallets:  450188:2179

Id:       2180
Winner:   450188
Target:   04453392
Solution: 03560066 (validated)
Votes:    2180/2180
Wallets:  450188:2180

Id:       2181
Winner:   450188
Target:   03560066
Solution: 05055222 (validated)
Votes:    2181/2181
Wallets:  450188:2181

Id:       2182
Winner:   450188
Target:   05055222
Solution: 04571382 (validated)
Votes:    2182/2182
Wallets:  450188:2182

Id:       2183
Winner:   450188
Target:   04571382
Solution: 00807020 (validated)
Votes:    2183/2183
Wallets:  450188:2183

Id:       2184
Winner:   450188
Target:   00807020
Solution: 04011545 (validated)
Votes:    2184/2184
Wallets:  450188:2184

Id:       2185
Winner:   450188
Target:   04011545
Solution: 02313174 (validated)
Votes:    2185/2185
Wallets:  450188:2185

Id:       2186
Winner:   450188
Target:   02313174
Solution: 08148685 (validated)
Votes:    2186/2186
Wallets:  450188:2186

Id:       2187
Winner:   450188
Target:   08148685
Solution: 08702410 (validated)
Votes:    2187/2187
Wallets:  450188:2187

Id:       2188
Winner:   450188
Target:   08702410
Solution: 06306305 (validated)
Votes:    2188/2188
Wallets:  450188:2188

Id:       2189
Winner:   450188
Target:   06306305
Solution: 07634983 (rejected)
Votes:    2189/2189
Wallets:  450188:2189

Id:       2190
Winner:   450188
Target:   06306305
Solution: 07634983 (validated)
Votes:    2190/2190
Wallets:  450188:2190

Id:       2191
Winner:   450188
Target:   07634983
Solution: 03877782 (validated)
Votes:    2191/2191
Wallets:  450188:2191

Id:       2192
Winner:   450188
Target:   03877782
Solution: 01936962 (validated)
Votes:    2192/2192
Wallets:  450188:2192

Id:       2193
Winner:   450188
Target:   01936962
Solution: 00184654 (rejected)
Votes:    2193/2193
Wallets:  450188:2193

Id:       2194
Winner:   450188
Target:   01936962
Solution: 00184654 (validated)
Votes:    2194/2194
Wallets:  450188:2194

Id:       2195
Winner:   450188
Target:   00184654
Solution: 04629395 (validated)
Votes:    2195/2195
Wallets:  450188:2195

Id:       2196
Winner:   450188
Target:   04629395
Solution: 05375768 (validated)
Votes:    2196/2196
Wallets:  450188:2196

Id:       2197
Winner:   450188
Target:   05375768
Solution: 08692806 (validated)
Votes:    2197/2197
Wallets:  450188:2197

Id:       2198
Winner:   450188
Target:   08692806
Solution: 04587287 (rejected)
Votes:    2198/2198
Wallets:  450188:2198

Id:       2199
Winner:   450188
Target:   08692806
Solution: 04587287 (validated)
Votes:    2199/2199
Wallets:  450188:2199

Id:       2200
Winner:   450188
Target:   04587287
Solution: 09876909 (validated)
Votes:    2200/2200
Wallets:  450188:2200

Id:       2201
Winner:   450188
Target:   09876909
Solution: 06475987 (validated)
Votes:    2201/2201
Wallets:  450188:2201

Id:       2202
Winner:   450188
Target:   06475987
Solution: 03320442 (validated)
Votes:    2202/2202
Wallets:  450188:2202

Id:       2203
Winner:   450188
Target:   03320442
Solution: 05012244 (validated)
Votes:    2203/2203
Wallets:  450188:2203

Id:       2204
Winner:   450188
Target:   05012244
Solution: 02183659 (validated)
Votes:    2204/2204
Wallets:  450188:2204

Id:       2205
Winner:   450188
Target:   02183659
Solution: 04452129 (validated)
Votes:    2205/2205
Wallets:  450188:2205

Id:       2206
Winner:   450188
Target:   04452129
Solution: 04660227 (validated)
Votes:    2206/2206
Wallets:  450188:2206

Id:       2207
Winner:   450188
Target:   04660227
Solution: 07221758 (validated)
Votes:    2207/2207
Wallets:  450188:2207

Id:       2208
Winner:   450188
Target:   07221758
Solution: 09386213 (validated)
Votes:    2208/2208
Wallets:  450188:2208

Id:       2209
Winner:   450188
Target:   09386213
Solution: 09237787 (rejected)
Votes:    2209/2209
Wallets:  450188:2209

Id:       2210
Winner:   450188
Target:   09386213
Solution: 09237787 (rejected)
Votes:    2210/2210
Wallets:  450188:2210

Id:       2211
Winner:   450188
Target:   09386213
Solution: 09237787 (validated)
Votes:    2211/2211
Wallets:  450188:2211

Id:       2212
Winner:   450188
Target:   09237787
Solution: 07971342 (validated)
Votes:    2212/2212
Wallets:  450188:2212

Id:       2213
Winner:   450188
Target:   07971342
Solution: 08687208 (validated)
Votes:    2213/2213
Wallets:  450188:2213

Id:       2214
Winner:   450188
Target:   08687208
Solution: 00320748 (rejected)
Votes:    2214/2214
Wallets:  450188:2214

Id:       2215
Winner:   450188
Target:   08687208
Solution: 00320748 (validated)
Votes:    2215/2215
Wallets:  450188:2215

Id:       2216
Winner:   450188
Target:   00320748
Solution: 04708711 (rejected)
Votes:    2216/2216
Wallets:  450188:2216

Id:       2217
Winner:   450188
Target:   00320748
Solution: 04708711 (validated)
Votes:    2217/2217
Wallets:  450188:2217

Id:       2218
Winner:   450188
Target:   04708711
Solution: 05494133 (rejected)
Votes:    2218/2218
Wallets:  450188:2218

Id:       2219
Winner:   450188
Target:   04708711
Solution: 05494133 (validated)
Votes:    2219/2219
Wallets:  450188:2219

Id:       2220
Winner:   450188
Target:   05494133
Solution: 03048379 (validated)
Votes:    2220/2220
Wallets:  450188:2220

Id:       2221
Winner:   450188
Target:   03048379
Solution: 07222384 (validated)
Votes:    2221/2221
Wallets:  450188:2221

Id:       2222
Winner:   450188
Target:   07222384
Solution: 03173187 (validated)
Votes:    2222/2222
Wallets:  450188:2222

Id:       2223
Winner:   450188
Target:   03173187
Solution: 04261448 (validated)
Votes:    2223/2223
Wallets:  450188:2223

Id:       2224
Winner:   450188
Target:   04261448
Solution: 02869763 (validated)
Votes:    2224/2224
Wallets:  450188:2224

Id:       2225
Winner:   450188
Target:   02869763
Solution: 08917657 (validated)
Votes:    2225/2225
Wallets:  450188:2225

Id:       2226
Winner:   450188
Target:   08917657
Solution: 00455789 (validated)
Votes:    2226/2226
Wallets:  450188:2226

Id:       2227
Winner:   450188
Target:   00455789
Solution: 03069291 (validated)
Votes:    2227/2227
Wallets:  450188:2227

Id:       2228
Winner:   450188
Target:   03069291
Solution: 04640345 (validated)
Votes:    2228/2228
Wallets:  450188:2228

Id:       2229
Winner:   450188
Target:   04640345
Solution: 06927637 (validated)
Votes:    2229/2229
Wallets:  450188:2229

Id:       2230
Winner:   450188
Target:   06927637
Solution: 02139261 (validated)
Votes:    2230/2230
Wallets:  450188:2230

Id:       2231
Winner:   450188
Target:   02139261
Solution: 08747418 (validated)
Votes:    2231/2231
Wallets:  450188:2231

Id:       2232
Winner:   450188
Target:   08747418
Solution: 04772650 (validated)
Votes:    2232/2232
Wallets:  450188:2232

Id:       2233
Winner:   450188
Target:   04772650
Solution: 00309739 (validated)
Votes:    2233/2233
Wallets:  450188:2233

Id:       2234
Winner:   450188
Target:   00309739
Solution: 08757234 (validated)
Votes:    2234/2234
Wallets:  450188:2234

Id:       2235
Winner:   450188
Target:   08757234
Solution: 07549787 (validated)
Votes:    2235/2235
Wallets:  450188:2235

Id:       2236
Winner:   450188
Target:   07549787
Solution: 02706957 (validated)
Votes:    2236/2236
Wallets:  450188:2236

Id:       2237
Winner:   450188
Target:   02706957
Solution: 05485408 (validated)
Votes:    2237/2237
Wallets:  450188:2237

Id:       2238
Winner:   450188
Target:   05485408
Solution: 05669403 (validated)
Votes:    2238/2238
Wallets:  450188:2238

Id:       2239
Winner:   450188
Target:   05669403
Solution: 03610691 (validated)
Votes:    2239/2239
Wallets:  450188:2239

Id:       2240
Winner:   450188
Target:   03610691
Solution: 04628970 (validated)
Votes:    2240/2240
Wallets:  450188:2240

Id:       2241
Winner:   450188
Target:   04628970
Solution: 01321022 (validated)
Votes:    2241/2241
Wallets:  450188:2241

Id:       2242
Winner:   450188
Target:   01321022
Solution: 00524450 (validated)
Votes:    2242/2242
Wallets:  450188:2242

Id:       2243
Winner:   450188
Target:   00524450
Solution: 03626918 (validated)
Votes:    2243/2243
Wallets:  450188:2243

Id:       2244
Winner:   450188
Target:   03626918
Solution: 08043524 (validated)
Votes:    2244/2244
Wallets:  450188:2244

Id:       2245
Winner:   450188
Target:   08043524
Solution: 06304452 (validated)
Votes:    2245/2245
Wallets:  450188:2245

Id:       2246
Winner:   450188
Target:   06304452
Solution: 04752882 (validated)
Votes:    2246/2246
Wallets:  450188:2246

Id:       2247
Winner:   450188
Target:   04752882
Solution: 01056196 (validated)
Votes:    2247/2247
Wallets:  450188:2247

Id:       2248
Winner:   450188
Target:   01056196
Solution: 04948095 (validated)
Votes:    2248/2248
Wallets:  450188:2248

Id:       2249
Winner:   450188
Target:   04948095
Solution: 00189253 (validated)
Votes:    2249/2249
Wallets:  450188:2249

Id:       2250
Winner:   450188
Target:   00189253
Solution: 01881963 (validated)
Votes:    2250/2250
Wallets:  450188:2250

Id:       2251
Winner:   450188
Target:   01881963
Solution: 09621667 (validated)
Votes:    2251/2251
Wallets:  450188:2251

Id:       2252
Winner:   450188
Target:   09621667
Solution: 03841581 (rejected)
Votes:    2252/2252
Wallets:  450188:2252

Id:       2253
Winner:   450188
Target:   09621667
Solution: 03841581 (validated)
Votes:    2253/2253
Wallets:  450188:2253

Id:       2254
Winner:   450188
Target:   03841581
Solution: 09841794 (validated)
Votes:    2254/2254
Wallets:  450188:2254

Id:       2255
Winner:   450188
Target:   09841794
Solution: 00088743 (validated)
Votes:    2255/2255
Wallets:  450188:2255

Id:       2256
Winner:   450188
Target:   00088743
Solution: 07559716 (validated)
Votes:    2256/2256
Wallets:  450188:2256

Id:       2257
Winner:   450188
Target:   07559716
Solution: 04586164 (validated)
Votes:    2257/2257
Wallets:  450188:2257

Id:       2258
Winner:   450188
Target:   04586164
Solution: 02432674 (validated)
Votes:    2258/2258
Wallets:  450188:2258

Id:       2259
Winner:   450188
Target:   02432674
Solution: 03217498 (validated)
Votes:    2259/2259
Wallets:  450188:2259

Id:       2260
Winner:   450188
Target:   03217498
Solution: 01276812 (validated)
Votes:    2260/2260
Wallets:  450188:2260

Id:       2261
Winner:   450188
Target:   01276812
Solution: 09342151 (validated)
Votes:    2261/2261
Wallets:  450188:2261

Id:       2262
Winner:   450188
Target:   09342151
Solution: 05023762 (rejected)
Votes:    2262/2262
Wallets:  450188:2262

Id:       2263
Winner:   450188
Target:   09342151
Solution: 05023762 (validated)
Votes:    2263/2263
Wallets:  450188:2263

Id:       2264
Winner:   450188
Target:   05023762
Solution: 05061402 (validated)
Votes:    2264/2264
Wallets:  450188:2264

Id:       2265
Winner:   450188
Target:   05061402
Solution: 07309816 (validated)
Votes:    2265/2265
Wallets:  450188:2265

Id:       2266
Winner:   450188
Target:   07309816
Solution: 09845099 (validated)
Votes:    2266/2266
Wallets:  450188:2266

Id:       2267
Winner:   450188
Target:   09845099
Solution: 08331603 (validated)
Votes:    2267/2267
Wallets:  450188:2267

Id:       2268
Winner:   450188
Target:   08331603
Solution: 08389255 (validated)
Votes:    2268/2268
Wallets:  450188:2268

Id:       2269
Winner:   450188
Target:   08389255
Solution: 02997708 (validated)
Votes:    2269/2269
Wallets:  450188:2269

Id:       2270
Winner:   450188
Target:   02997708
Solution: 08456541 (validated)
Votes:    2270/2270
Wallets:  450188:2270

Id:       2271
Winner:   450188
Target:   08456541
Solution: 07491934 (rejected)
Votes:    2271/2271
Wallets:  450188:2271

Id:       2272
Winner:   450188
Target:   08456541
Solution: 07491934 (validated)
Votes:    2272/2272
Wallets:  450188:2272

Id:       2273
Winner:   450188
Target:   07491934
Solution: 08368579 (validated)
Votes:    2273/2273
Wallets:  450188:2273

Id:       2274
Winner:   450188
Target:   08368579
Solution: 03173573 (validated)
Votes:    2274/2274
Wallets:  450188:2274

Id:       2275
Winner:   450188
Target:   03173573
Solution: 02698261 (validated)
Votes:    2275/2275
Wallets:  450188:2275

Id:       2276
Winner:   450188
Target:   02698261
Solution: 04336982 (validated)
Votes:    2276/2276
Wallets:  450188:2276

Id:       2277
Winner:   450188
Target:   04336982
Solution: 09860470 (validated)
Votes:    2277/2277
Wallets:  450188:2277

Id:       2278
Winner:   450188
Target:   09860470
Solution: 02003314 (validated)
Votes:    2278/2278
Wallets:  450188:2278

Id:       2279
Winner:   450188
Target:   02003314
Solution: 03695565 (validated)
Votes:    2279/2279
Wallets:  450188:2279

Id:       2280
Winner:   450188
Target:   03695565
Solution: 01457433 (validated)
Votes:    2280/2280
Wallets:  450188:2280

Id:       2281
Winner:   450188
Target:   01457433
Solution: 05251285 (validated)
Votes:    2281/2281
Wallets:  450188:2281

Id:       2282
Winner:   450188
Target:   05251285
Solution: 01816234 (validated)
Votes:    2282/2282
Wallets:  450188:2282

Id:       2283
Winner:   450188
Target:   01816234
Solution: 04079903 (validated)
Votes:    2283/2283
Wallets:  450188:2283

Id:       2284
Winner:   450188
Target:   04079903
Solution: 05367000 (validated)
Votes:    2284/2284
Wallets:  450188:2284

Id:       2285
Winner:   450188
Target:   05367000
Solution: 07939562 (validated)
Votes:    2285/2285
Wallets:  450188:2285

Id:       2286
Winner:   450188
Target:   07939562
Solution: 08711882 (validated)
Votes:    2286/2286
Wallets:  450188:2286

Id:       2287
Winner:   450188
Target:   08711882
Solution: 02084692 (validated)
Votes:    2287/2287
Wallets:  450188:2287

Id:       2288
Winner:   450188
Target:   02084692
Solution: 01938626 (validated)
Votes:    2288/2288
Wallets:  450188:2288

Id:       2289
Winner:   450188
Target:   01938626
Solution: 06603532 (rejected)
Votes:    2289/2289
Wallets:  450188:2289

Id:       2290
Winner:   450188
Target:   01938626
Solution: 06603532 (validated)
Votes:    2290/2290
Wallets:  450188:2290

Id:       2291
Winner:   450188
Target:   06603532
Solution: 07276492 (validated)
Votes:    2291/2291
Wallets:  450188:2291

Id:       2292
Winner:   450188
Target:   07276492
Solution: 06124824 (validated)
Votes:    2292/2292
Wallets:  450188:2292

Id:       2293
Winner:   450188
Target:   06124824
Solution: 04226671 (validated)
Votes:    2293/2293
Wallets:  450188:2293

Id:       2294
Winner:   450188
Target:   04226671
Solution: 01847918 (validated)
Votes:    2294/2294
Wallets:  450188:2294

Id:       2295
Winner:   450188
Target:   01847918
Solution: 07914704 (validated)
Votes:    2295/2295
Wallets:  450188:2295

Id:       2296
Winner:   450188
Target:   07914704
Solution: 00181861 (validated)
Votes:    2296/2296
Wallets:  450188:2296

Id:       2297
Winner:   450188
Target:   00181861
Solution: 09128325 (validated)
Votes:    2297/2297
Wallets:  450188:2297

Id:       2298
Winner:   450188
Target:   09128325
Solution: 06129774 (validated)
Votes:    2298/2298
Wallets:  450188:2298

Id:       2299
Winner:   450188
Target:   06129774
Solution: 02052151 (validated)
Votes:    2299/2299
Wallets:  450188:2299

Id:       2300
Winner:   450188
Target:   02052151
Solution: 06417868 (validated)
Votes:    2300/2300
Wallets:  450188:2300

Id:       2301
Winner:   450188
Target:   06417868
Solution: 03221483 (validated)
Votes:    2301/2301
Wallets:  450188:2301

Id:       2302
Winner:   450188
Target:   03221483
Solution: 08009108 (validated)
Votes:    2302/2302
Wallets:  450188:2302

Id:       2303
Winner:   450188
Target:   08009108
Solution: 05245205 (validated)
Votes:    2303/2303
Wallets:  450188:2303

Id:       2304
Winner:   450188
Target:   05245205
Solution: 02972357 (validated)
Votes:    2304/2304
Wallets:  450188:2304

Id:       2305
Winner:   450188
Target:   02972357
Solution: 04020988 (validated)
Votes:    2305/2305
Wallets:  450188:2305

Id:       2306
Winner:   450188
Target:   04020988
Solution: 01861011 (validated)
Votes:    2306/2306
Wallets:  450188:2306

Id:       2307
Winner:   450188
Target:   01861011
Solution: 04647265 (validated)
Votes:    2307/2307
Wallets:  450188:2307

Id:       2308
Winner:   450188
Target:   04647265
Solution: 04493623 (validated)
Votes:    2308/2308
Wallets:  450188:2308

Id:       2309
Winner:   450188
Target:   04493623
Solution: 09638814 (validated)
Votes:    2309/2309
Wallets:  450188:2309

Id:       2310
Winner:   450188
Target:   09638814
Solution: 01095732 (validated)
Votes:    2310/2310
Wallets:  450188:2310

Id:       2311
Winner:   450188
Target:   01095732
Solution: 03455181 (rejected)
Votes:    2311/2311
Wallets:  450188:2311

Id:       2312
Winner:   450188
Target:   01095732
Solution: 03455181 (validated)
Votes:    2312/2312
Wallets:  450188:2312

Id:       2313
Winner:   450188
Target:   03455181
Solution: 07807531 (validated)
Votes:    2313/2313
Wallets:  450188:2313

Id:       2314
Winner:   450188
Target:   07807531
Solution: 06605334 (validated)
Votes:    2314/2314
Wallets:  450188:2314

Id:       2315
Winner:   450188
Target:   06605334
Solution: 01273958 (validated)
Votes:    2315/2315
Wallets:  450188:2315

Id:       2316
Winner:   450188
Target:   01273958
Solution: 05566760 (validated)
Votes:    2316/2316
Wallets:  450188:2316

Id:       2317
Winner:   450188
Target:   05566760
Solution: 03499741 (validated)
Votes:    2317/2317
Wallets:  450188:2317

Id:       2318
Winner:   450188
Target:   03499741
Solution: 07621931 (validated)
Votes:    2318/2318
Wallets:  450188:2318

Id:       2319
Winner:   450188
Target:   07621931
Solution: 06642473 (validated)
Votes:    2319/2319
Wallets:  450188:2319

Id:       2320
Winner:   450188
Target:   06642473
Solution: 02106473 (validated)
Votes:    2320/2320
Wallets:  450188:2320

Id:       2321
Winner:   450188
Target:   02106473
Solution: 04306943 (validated)
Votes:    2321/2321
Wallets:  450188:2321

Id:       2322
Winner:   450188
Target:   04306943
Solution: 05605986 (validated)
Votes:    2322/2322
Wallets:  450188:2322

Id:       2323
Winner:   450188
Target:   05605986
Solution: 00931167 (validated)
Votes:    2323/2323
Wallets:  450188:2323

Id:       2324
Winner:   450188
Target:   00931167
Solution: 09399734 (validated)
Votes:    2324/2324
Wallets:  450188:2324

Id:       2325
Winner:   450188
Target:   09399734
Solution: 05842921 (rejected)
Votes:    2325/2325
Wallets:  450188:2325

Id:       2326
Winner:   450188
Target:   09399734
Solution: 05842921 (validated)
Votes:    2326/2326
Wallets:  450188:2326

Id:       2327
Winner:   450188
Target:   05842921
Solution: 07123967 (validated)
Votes:    2327/2327
Wallets:  450188:2327

Id:       2328
Winner:   450188
Target:   07123967
Solution: 07083202 (validated)
Votes:    2328/2328
Wallets:  450188:2328

Id:       2329
Winner:   450188
Target:   07083202
Solution: 05601670 (validated)
Votes:    2329/2329
Wallets:  450188:2329

Id:       2330
Winner:   450188
Target:   05601670
Solution: 02403028 (validated)
Votes:    2330/2330
Wallets:  450188:2330

Id:       2331
Winner:   450188
Target:   02403028
Solution: 00971686 (validated)
Votes:    2331/2331
Wallets:  450188:2331

Id:       2332
Winner:   450188
Target:   00971686
Solution: 03900057 (validated)
Votes:    2332/2332
Wallets:  450188:2332

Id:       2333
Winner:   450188
Target:   03900057
Solution: 02149319 (validated)
Votes:    2333/2333
Wallets:  450188:2333

Id:       2334
Winner:   450188
Target:   02149319
Solution: 00754035 (rejected)
Votes:    2334/2334
Wallets:  450188:2334

Id:       2335
Winner:   450188
Target:   02149319
Solution: 00754035 (validated)
Votes:    2335/2335
Wallets:  450188:2335

Id:       2336
Winner:   450188
Target:   00754035
Solution: 08504143 (validated)
Votes:    2336/2336
Wallets:  450188:2336

Id:       2337
Winner:   450188
Target:   08504143
Solution: 05606440 (validated)
Votes:    2337/2337
Wallets:  450188:2337

Id:       2338
Winner:   450188
Target:   05606440
Solution: 01216463 (validated)
Votes:    2338/2338
Wallets:  450188:2338

Id:       2339
Winner:   450188
Target:   01216463
Solution: 05375456 (validated)
Votes:    2339/2339
Wallets:  450188:2339

Id:       2340
Winner:   450188
Target:   05375456
Solution: 03740130 (validated)
Votes:    2340/2340
Wallets:  450188:2340

Id:       2341
Winner:   450188
Target:   03740130
Solution: 00966676 (validated)
Votes:    2341/2341
Wallets:  450188:2341

Id:       2342
Winner:   450188
Target:   00966676
Solution: 09736461 (validated)
Votes:    2342/2342
Wallets:  450188:2342

Id:       2343
Winner:   450188
Target:   09736461
Solution: 04189107 (validated)
Votes:    2343/2343
Wallets:  450188:2343

Id:       2344
Winner:   450188
Target:   04189107
Solution: 06958354 (validated)
Votes:    2344/2344
Wallets:  450188:2344

Id:       2345
Winner:   450188
Target:   06958354
Solution: 01006165 (validated)
Votes:    2345/2345
Wallets:  450188:2345

Id:       2346
Winner:   450188
Target:   01006165
Solution: 07112944 (validated)
Votes:    2346/2346
Wallets:  450188:2346

Id:       2347
Winner:   450188
Target:   07112944
Solution: 03988007 (validated)
Votes:    2347/2347
Wallets:  450188:2347

Id:       2348
Winner:   450188
Target:   03988007
Solution: 03200978 (validated)
Votes:    2348/2348
Wallets:  450188:2348

Id:       2349
Winner:   450188
Target:   03200978
Solution: 09745840 (rejected)
Votes:    2349/2349
Wallets:  450188:2349

Id:       2350
Winner:   450188
Target:   03200978
Solution: 09745840 (rejected)
Votes:    2350/2350
Wallets:  450188:2350

Id:       2351
Winner:   450188
Target:   03200978
Solution: 09745840 (validated)
Votes:    2351/2351
Wallets:  450188:2351

Id:       2352
Winner:   450188
Target:   09745840
Solution: 09642493 (validated)
Votes:    2352/2352
Wallets:  450188:2352

Id:       2353
Winner:   450188
Target:   09642493
Solution: 04508703 (validated)
Votes:    2353/2353
Wallets:  450188:2353

Id:       2354
Winner:   450188
Target:   04508703
Solution: 09073426 (validated)
Votes:    2354/2354
Wallets:  450188:2354

Id:       2355
Winner:   450188
Target:   09073426
Solution: 09463647 (validated)
Votes:    2355/2355
Wallets:  450188:2355

Id:       2356
Winner:   450188
Target:   09463647
Solution: 00245804 (validated)
Votes:    2356/2356
Wallets:  450188:2356

Id:       2357
Winner:   450188
Target:   00245804
Solution: 01700266 (validated)
Votes:    2357/2357
Wallets:  450188:2357

Id:       2358
Winner:   450188
Target:   01700266
Solution: 07398901 (rejected)
Votes:    2358/2358
Wallets:  450188:2358

Id:       2359
Winner:   450188
Target:   01700266
Solution: 07398901 (validated)
Votes:    2359/2359
Wallets:  450188:2359

Id:       2360
Winner:   450188
Target:   07398901
Solution: 01612301 (validated)
Votes:    2360/2360
Wallets:  450188:2360

Id:       2361
Winner:   450188
Target:   01612301
Solution: 07262713 (validated)
Votes:    2361/2361
Wallets:  450188:2361

Id:       2362
Winner:   450188
Target:   07262713
Solution: 09269476 (validated)
Votes:    2362/2362
Wallets:  450188:2362

Id:       2363
Winner:   450188
Target:   09269476
Solution: 01503289 (validated)
Votes:    2363/2363
Wallets:  450188:2363

Id:       2364
Winner:   450188
Target:   01503289
Solution: 07950106 (validated)
Votes:    2364/2364
Wallets:  450188:2364

Id:       2365
Winner:   450188
Target:   07950106
Solution: 03049869 (validated)
Votes:    2365/2365
Wallets:  450188:2365

Id:       2366
Winner:   450188
Target:   03049869
Solution: 06264871 (validated)
Votes:    2366/2366
Wallets:  450188:2366

Id:       2367
Winner:   450188
Target:   06264871
Solution: 08992209 (validated)
Votes:    2367/2367
Wallets:  450188:2367

Id:       2368
Winner:   450188
Target:   08992209
Solution: 03394070 (validated)
Votes:    2368/2368
Wallets:  450188:2368

Id:       2369
Winner:   450188
Target:   03394070
Solution: 06356896 (validated)
Votes:    2369/2369
Wallets:  450188:2369

Id:       2370
Winner:   450188
Target:   06356896
Solution: 01285641 (validated)
Votes:    2370/2370
Wallets:  450188:2370

Id:       2371
Winner:   450188
Target:   01285641
Solution: 08372019 (validated)
Votes:    2371/2371
Wallets:  450188:2371

Id:       2372
Winner:   450188
Target:   08372019
Solution: 03177194 (validated)
Votes:    2372/2372
Wallets:  450188:2372

Id:       2373
Winner:   450188
Target:   03177194
Solution: 03652435 (validated)
Votes:    2373/2373
Wallets:  450188:2373

Id:       2374
Winner:   450188
Target:   03652435
Solution: 04347404 (validated)
Votes:    2374/2374
Wallets:  450188:2374

Id:       2375
Winner:   450188
Target:   04347404
Solution: 07645209 (validated)
Votes:    2375/2375
Wallets:  450188:2375

Id:       2376
Winner:   450188
Target:   07645209
Solution: 01627439 (validated)
Votes:    2376/2376
Wallets:  450188:2376

Id:       2377
Winner:   450188
Target:   01627439
Solution: 09156122 (validated)
Votes:    2377/2377
Wallets:  450188:2377

Id:       2378
Winner:   450188
Target:   09156122
Solution: 03249820 (validated)
Votes:    2378/2378
Wallets:  450188:2378

Id:       2379
Winner:   450188
Target:   03249820
Solution: 02165289 (validated)
Votes:    2379/2379
Wallets:  450188:2379

Id:       2380
Winner:   450188
Target:   02165289
Solution: 05856883 (validated)
Votes:    2380/2380
Wallets:  450188:2380

Id:       2381
Winner:   450188
Target:   05856883
Solution: 08806884 (rejected)
Votes:    2381/2381
Wallets:  450188:2381

Id:       2382
Winner:   450188
Target:   05856883
Solution: 08806884 (validated)
Votes:    2382/2382
Wallets:  450188:2382

Id:       2383
Winner:   450188
Target:   08806884
Solution: 06642968 (validated)
Votes:    2383/2383
Wallets:  450188:2383

Id:       2384
Winner:   450188
Target:   06642968
Solution: 01889021 (validated)
Votes:    2384/2384
Wallets:  450188:2384

Id:       2385
Winner:   450188
Target:   01889021
Solution: 04763938 (validated)
Votes:    2385/2385
Wallets:  450188:2385

Id:       2386
Winner:   450188
Target:   04763938
Solution: 08135973 (validated)
Votes:    2386/2386
Wallets:  450188:2386

Id:       2387
Winner:   450188
Target:   08135973
Solution: 00714122 (validated)
Votes:    2387/2387
Wallets:  450188:2387

Id:       2388
Winner:   450188
Target:   00714122
Solution: 09011422 (validated)
Votes:    2388/2388
Wallets:  450188:2388

Id:       2389
Winner:   450188
Target:   09011422
Solution: 06526949 (validated)
Votes:    2389/2389
Wallets:  450188:2389

Id:       2390
Winner:   450188
Target:   06526949
Solution: 06321081 (validated)
Votes:    2390/2390
Wallets:  450188:2390

Id:       2391
Winner:   450188
Target:   06321081
Solution: 07627286 (validated)
Votes:    2391/2391
Wallets:  450188:2391

Id:       2392
Winner:   450188
Target:   07627286
Solution: 09743327 (validated)
Votes:    2392/2392
Wallets:  450188:2392

Id:       2393
Winner:   450188
Target:   09743327
Solution: 07050328 (validated)
Votes:    2393/2393
Wallets:  450188:2393

Id:       2394
Winner:   450188
Target:   07050328
Solution: 04410356 (validated)
Votes:    2394/2394
Wallets:  450188:2394

Id:       2395
Winner:   450188
Target:   04410356
Solution: 08711243 (validated)
Votes:    2395/2395
Wallets:  450188:2395

Id:       2396
Winner:   450188
Target:   08711243
Solution: 03092508 (validated)
Votes:    2396/2396
Wallets:  450188:2396

Id:       2397
Winner:   450188
Target:   03092508
Solution: 01348687 (validated)
Votes:    2397/2397
Wallets:  450188:2397

Id:       2398
Winner:   450188
Target:   01348687
Solution: 01701562 (validated)
Votes:    2398/2398
Wallets:  450188:2398

Id:       2399
Winner:   450188
Target:   01701562
Solution: 00285625 (validated)
Votes:    2399/2399
Wallets:  450188:2399

Id:       2400
Winner:   450188
Target:   00285625
Solution: 02808797 (validated)
Votes:    2400/2400
Wallets:  450188:2400

Id:       2401
Winner:   450188
Target:   02808797
Solution: 08615166 (rejected)
Votes:    2401/2401
Wallets:  450188:2401

Id:       2402
Winner:   450188
Target:   02808797
Solution: 08615166 (validated)
Votes:    2402/2402
Wallets:  450188:2402

Id:       2403
Winner:   450188
Target:   08615166
Solution: 04156805 (validated)
Votes:    2403/2403
Wallets:  450188:2403

Id:       2404
Winner:   450188
Target:   04156805
Solution: 04849249 (validated)
Votes:    2404/2404
Wallets:  450188:2404

Id:       2405
Winner:   450188
Target:   04849249
Solution: 02288187 (validated)
Votes:    2405/2405
Wallets:  450188:2405

Id:       2406
Winner:   450188
Target:   02288187
Solution: 09491254 (rejected)
Votes:    2406/2406
Wallets:  450188:2406

Id:       2407
Winner:   450188
Target:   02288187
Solution: 09491254 (validated)
Votes:    2407/2407
Wallets:  450188:2407

Id:       2408
Winner:   450188
Target:   09491254
Solution: 08961816 (validated)
Votes:    2408/2408
Wallets:  450188:2408

Id:       2409
Winner:   450188
Target:   08961816
Solution: 02748847 (validated)
Votes:    2409/2409
Wallets:  450188:2409

Id:       2410
Winner:   450188
Target:   02748847
Solution: 08290494 (validated)
Votes:    2410/2410
Wallets:  450188:2410

Id:       2411
Winner:   450188
Target:   08290494
Solution: 09906670 (rejected)
Votes:    2411/2411
Wallets:  450188:2411

Id:       2412
Winner:   450188
Target:   08290494
Solution: 09906670 (validated)
Votes:    2412/2412
Wallets:  450188:2412

Id:       2413
Winner:   450188
Target:   09906670
Solution: 01703188 (validated)
Votes:    2413/2413
Wallets:  450188:2413

Id:       2414
Winner:   450188
Target:   01703188
Solution: 03025078 (validated)
Votes:    2414/2414
Wallets:  450188:2414

Id:       2415
Winner:   450188
Target:   03025078
Solution: 07642522 (validated)
Votes:    2415/2415
Wallets:  450188:2415

Id:       2416
Winner:   450188
Target:   07642522
Solution: 01656580 (validated)
Votes:    2416/2416
Wallets:  450188:2416

Id:       2417
Winner:   450188
Target:   01656580
Solution: 02232003 (validated)
Votes:    2417/2417
Wallets:  450188:2417

Id:       2418
Winner:   450188
Target:   02232003
Solution: 01271203 (validated)
Votes:    2418/2418
Wallets:  450188:2418

Id:       2419
Winner:   450188
Target:   01271203
Solution: 03747418 (validated)
Votes:    2419/2419
Wallets:  450188:2419

Id:       2420
Winner:   450188
Target:   03747418
Solution: 02067119 (validated)
Votes:    2420/2420
Wallets:  450188:2420

Id:       2421
Winner:   450188
Target:   02067119
Solution: 08688918 (validated)
Votes:    2421/2421
Wallets:  450188:2421

Id:       2422
Winner:   450188
Target:   08688918
Solution: 05931721 (validated)
Votes:    2422/2422
Wallets:  450188:2422

Id:       2423
Winner:   450188
Target:   05931721
Solution: 06287421 (validated)
Votes:    2423/2423
Wallets:  450188:2423

Id:       2424
Winner:   450188
Target:   06287421
Solution: 02418628 (rejected)
Votes:    2424/2424
Wallets:  450188:2424

Id:       2425
Winner:   450188
Target:   06287421
Solution: 02418628 (validated)
Votes:    2425/2425
Wallets:  450188:2425

Id:       2426
Winner:   450188
Target:   02418628
Solution: 08660758 (validated)
Votes:    2426/2426
Wallets:  450188:2426

Id:       2427
Winner:   450188
Target:   08660758
Solution: 04972061 (validated)
Votes:    2427/2427
Wallets:  450188:2427

Id:       2428
Winner:   450188
Target:   04972061
Solution: 09171719 (validated)
Votes:    2428/2428
Wallets:  450188:2428

Id:       2429
Winner:   450188
Target:   09171719
Solution: 05123368 (validated)
Votes:    2429/2429
Wallets:  450188:2429

Id:       2430
Winner:   450188
Target:   05123368
Solution: 06567089 (validated)
Votes:    2430/2430
Wallets:  450188:2430

Id:       2431
Winner:   450188
Target:   06567089
Solution: 05956450 (rejected)
Votes:    2431/2431
Wallets:  450188:2431

Id:       2432
Winner:   450188
Target:   06567089
Solution: 05956450 (validated)
Votes:    2432/2432
Wallets:  450188:2432

Id:       2433
Winner:   450188
Target:   05956450
Solution: 04694638 (validated)
Votes:    2433/2433
Wallets:  450188:2433

Id:       2434
Winner:   450188
Target:   04694638
Solution: 08586162 (validated)
Votes:    2434/2434
Wallets:  450188:2434

Id:       2435
Winner:   450188
Target:   08586162
Solution: 06718701 (validated)
Votes:    2435/2435
Wallets:  450188:2435

Id:       2436
Winner:   450188
Target:   06718701
Solution: 04732637 (validated)
Votes:    2436/2436
Wallets:  450188:2436

Id:       2437
Winner:   450188
Target:   04732637
Solution: 06920158 (rejected)
Votes:    2437/2437
Wallets:  450188:2437

Id:       2438
Winner:   450188
Target:   04732637
Solution: 06920158 (validated)
Votes:    2438/2438
Wallets:  450188:2438

Id:       2439
Winner:   450188
Target:   06920158
Solution: 00698579 (validated)
Votes:    2439/2439
Wallets:  450188:2439

Id:       2440
Winner:   450188
Target:   00698579
Solution: 01842639 (validated)
Votes:    2440/2440
Wallets:  450188:2440

Id:       2441
Winner:   450188
Target:   01842639
Solution: 02175003 (rejected)
Votes:    2441/2441
Wallets:  450188:2441

Id:       2442
Winner:   450188
Target:   01842639
Solution: 02175003 (validated)
Votes:    2442/2442
Wallets:  450188:2442

Id:       2443
Winner:   450188
Target:   02175003
Solution: 00862447 (rejected)
Votes:    2443/2443
Wallets:  450188:2443

Id:       2444
Winner:   450188
Target:   02175003
Solution: 00862447 (validated)
Votes:    2444/2444
Wallets:  450188:2444

Id:       2445
Winner:   450188
Target:   00862447
Solution: 04444802 (validated)
Votes:    2445/2445
Wallets:  450188:2445

Id:       2446
Winner:   450188
Target:   04444802
Solution: 07939548 (validated)
Votes:    2446/2446
Wallets:  450188:2446

Id:       2447
Winner:   450188
Target:   07939548
Solution: 01568164 (validated)
Votes:    2447/2447
Wallets:  450188:2447

Id:       2448
Winner:   450188
Target:   01568164
Solution: 07626043 (validated)
Votes:    2448/2448
Wallets:  450188:2448

Id:       2449
Winner:   450188
Target:   07626043
Solution: 09622860 (rejected)
Votes:    2449/2449
Wallets:  450188:2449

Id:       2450
Winner:   450188
Target:   07626043
Solution: 09622860 (validated)
Votes:    2450/2450
Wallets:  450188:2450

Id:       2451
Winner:   450188
Target:   09622860
Solution: 07013618 (validated)
Votes:    2451/2451
Wallets:  450188:2451

Id:       2452
Winner:   450188
Target:   07013618
Solution: 05388922 (validated)
Votes:    2452/2452
Wallets:  450188:2452

Id:       2453
Winner:   450188
Target:   05388922
Solution: 03701991 (validated)
Votes:    2453/2453
Wallets:  450188:2453

Id:       2454
Winner:   450188
Target:   03701991
Solution: 01179379 (validated)
Votes:    2454/2454
Wallets:  450188:2454

Id:       2455
Winner:   450188
Target:   01179379
Solution: 01186214 (validated)
Votes:    2455/2455
Wallets:  450188:2455

Id:       2456
Winner:   450188
Target:   01186214
Solution: 03939869 (validated)
Votes:    2456/2456
Wallets:  450188:2456

Id:       2457
Winner:   450188
Target:   03939869
Solution: 05806672 (validated)
Votes:    2457/2457
Wallets:  450188:2457

Id:       2458
Winner:   450188
Target:   05806672
Solution: 01961991 (validated)
Votes:    2458/2458
Wallets:  450188:2458

Id:       2459
Winner:   450188
Target:   01961991
Solution: 00277845 (validated)
Votes:    2459/2459
Wallets:  450188:2459

Id:       2460
Winner:   450188
Target:   00277845
Solution: 07741330 (validated)
Votes:    2460/2460
Wallets:  450188:2460

Id:       2461
Winner:   450188
Target:   07741330
Solution: 05875918 (validated)
Votes:    2461/2461
Wallets:  450188:2461

Id:       2462
Winner:   450188
Target:   05875918
Solution: 06807037 (validated)
Votes:    2462/2462
Wallets:  450188:2462

Id:       2463
Winner:   450188
Target:   06807037
Solution: 04221109 (validated)
Votes:    2463/2463
Wallets:  450188:2463

Id:       2464
Winner:   450188
Target:   04221109
Solution: 07381485 (validated)
Votes:    2464/2464
Wallets:  450188:2464

Id:       2465
Winner:   450188
Target:   07381485
Solution: 02779742 (validated)
Votes:    2465/2465
Wallets:  450188:2465

Id:       2466
Winner:   450188
Target:   02779742
Solution: 02292427 (validated)
Votes:    2466/2466
Wallets:  450188:2466

Id:       2467
Winner:   450188
Target:   02292427
Solution: 00660543 (validated)
Votes:    2467/2467
Wallets:  450188:2467

Id:       2468
Winner:   450188
Target:   00660543
Solution: 01767726 (validated)
Votes:    2468/2468
Wallets:  450188:2468

Id:       2469
Winner:   450188
Target:   01767726
Solution: 09271821 (validated)
Votes:    2469/2469
Wallets:  450188:2469

Id:       2470
Winner:   450188
Target:   09271821
Solution: 08350111 (validated)
Votes:    2470/2470
Wallets:  450188:2470

Id:       2471
Winner:   450188
Target:   08350111
Solution: 04560786 (validated)
Votes:    2471/2471
Wallets:  450188:2471

Id:       2472
Winner:   450188
Target:   04560786
Solution: 05643587 (validated)
Votes:    2472/2472
Wallets:  450188:2472

Id:       2473
Winner:   450188
Target:   05643587
Solution: 07559345 (validated)
Votes:    2473/2473
Wallets:  450188:2473

Id:       2474
Winner:   450188
Target:   07559345
Solution: 05233880 (validated)
Votes:    2474/2474
Wallets:  450188:2474

Id:       2475
Winner:   450188
Target:   05233880
Solution: 04311869 (validated)
Votes:    2475/2475
Wallets:  450188:2475

Id:       2476
Winner:   450188
Target:   04311869
Solution: 06895759 (validated)
Votes:    2476/2476
Wallets:  450188:2476

Id:       2477
Winner:   450188
Target:   06895759
Solution: 02146394 (validated)
Votes:    2477/2477
Wallets:  450188:2477

Id:       2478
Winner:   450188
Target:   02146394
Solution: 09310031 (rejected)
Votes:    2478/2478
Wallets:  450188:2478

Id:       2479
Winner:   450188
Target:   02146394
Solution: 09310031 (validated)
Votes:    2479/2479
Wallets:  450188:2479

Id:       2480
Winner:   450188
Target:   09310031
Solution: 05803718 (validated)
Votes:    2480/2480
Wallets:  450188:2480

Id:       2481
Winner:   450188
Target:   05803718
Solution: 04289740 (validated)
Votes:    2481/2481
Wallets:  450188:2481

Id:       2482
Winner:   450188
Target:   04289740
Solution: 09770054 (validated)
Votes:    2482/2482
Wallets:  450188:2482

Id:       2483
Winner:   450188
Target:   09770054
Solution: 09487790 (rejected)
Votes:    2483/2483
Wallets:  450188:2483

Id:       2484
Winner:   450188
Target:   09770054
Solution: 09487790 (validated)
Votes:    2484/2484
Wallets:  450188:2484

Id:       2485
Winner:   450188
Target:   09487790
Solution: 02424791 (validated)
Votes:    2485/2485
Wallets:  450188:2485

Id:       2486
Winner:   450188
Target:   02424791
Solution: 08437647 (rejected)
Votes:    2486/2486
Wallets:  450188:2486

Id:       2487
Winner:   450188
Target:   02424791
Solution: 08437647 (validated)
Votes:    2487/2487
Wallets:  450188:2487

Id:       2488
Winner:   450188
Target:   08437647
Solution: 02885893 (validated)
Votes:    2488/2488
Wallets:  450188:2488

Id:       2489
Winner:   450188
Target:   02885893
Solution: 04255481 (rejected)
Votes:    2489/2489
Wallets:  450188:2489

Id:       2490
Winner:   450188
Target:   02885893
Solution: 04255481 (validated)
Votes:    2490/2490
Wallets:  450188:2490

Id:       2491
Winner:   450188
Target:   04255481
Solution: 03127956 (validated)
Votes:    2491/2491
Wallets:  450188:2491

Id:       2492
Winner:   450188
Target:   03127956
Solution: 03408790 (validated)
Votes:    2492/2492
Wallets:  450188:2492

Id:       2493
Winner:   450188
Target:   03408790
Solution: 07767418 (validated)
Votes:    2493/2493
Wallets:  450188:2493

Id:       2494
Winner:   450188
Target:   07767418
Solution: 09321196 (validated)
Votes:    2494/2494
Wallets:  450188:2494

Id:       2495
Winner:   450188
Target:   09321196
Solution: 04231533 (validated)
Votes:    2495/2495
Wallets:  450188:2495

Id:       2496
Winner:   450188
Target:   04231533
Solution: 09043240 (validated)
Votes:    2496/2496
Wallets:  450188:2496

Id:       2497
Winner:   450188
Target:   09043240
Solution: 00184003 (validated)
Votes:    2497/2497
Wallets:  450188:2497

Id:       2498
Winner:   450188
Target:   00184003
Solution: 02370509 (validated)
Votes:    2498/2498
Wallets:  450188:2498

Id:       2499
Winner:   450188
Target:   02370509
Solution: 08107316 (validated)
Votes:    2499/2499
Wallets:  450188:2499

Id:       2500
Winner:   450188
Target:   08107316
Solution: 06092595 (validated)
Votes:    2500/2500
Wallets:  450188:2500

Id:       2501
Winner:   450188
Target:   06092595
Solution: 03660892 (validated)
Votes:    2501/2501
Wallets:  450188:2501

Id:       2502
Winner:   450188
Target:   03660892
Solution: 02086480 (validated)
Votes:    2502/2502
Wallets:  450188:2502

Id:       2503
Winner:   450188
Target:   02086480
Solution: 08787768 (validated)
Votes:    2503/2503
Wallets:  450188:2503

Id:       2504
Winner:   450188
Target:   08787768
Solution: 01589122 (validated)
Votes:    2504/2504
Wallets:  450188:2504

Id:       2505
Winner:   450188
Target:   01589122
Solution: 04236099 (validated)
Votes:    2505/2505
Wallets:  450188:2505

Id:       2506
Winner:   450188
Target:   04236099
Solution: 02311226 (validated)
Votes:    2506/2506
Wallets:  450188:2506

Id:       2507
Winner:   450188
Target:   02311226
Solution: 01066870 (validated)
Votes:    2507/2507
Wallets:  450188:2507

Id:       2508
Winner:   450188
Target:   01066870
Solution: 01349697 (validated)
Votes:    2508/2508
Wallets:  450188:2508

Id:       2509
Winner:   450188
Target:   01349697
Solution: 00046030 (validated)
Votes:    2509/2509
Wallets:  450188:2509

Id:       2510
Winner:   450188
Target:   00046030
Solution: 08994066 (validated)
Votes:    2510/2510
Wallets:  450188:2510

Id:       2511
Winner:   450188
Target:   08994066
Solution: 04032506 (validated)
Votes:    2511/2511
Wallets:  450188:2511

Id:       2512
Winner:   450188
Target:   04032506
Solution: 04738754 (validated)
Votes:    2512/2512
Wallets:  450188:2512

Id:       2513
Winner:   450188
Target:   04738754
Solution: 07504952 (rejected)
Votes:    2513/2513
Wallets:  450188:2513

Id:       2514
Winner:   450188
Target:   04738754
Solution: 07504952 (validated)
Votes:    2514/2514
Wallets:  450188:2514

Id:       2515
Winner:   450188
Target:   07504952
Solution: 09678495 (validated)
Votes:    2515/2515
Wallets:  450188:2515

Id:       2516
Winner:   450188
Target:   09678495
Solution: 00750962 (rejected)
Votes:    2516/2516
Wallets:  450188:2516

Id:       2517
Winner:   450188
Target:   09678495
Solution: 00750962 (rejected)
Votes:    2517/2517
Wallets:  450188:2517

Id:       2518
Winner:   450188
Target:   09678495
Solution: 00750962 (validated)
Votes:    2518/2518
Wallets:  450188:2518

Id:       2519
Winner:   450188
Target:   00750962
Solution: 00098774 (validated)
Votes:    2519/2519
Wallets:  450188:2519

Id:       2520
Winner:   450188
Target:   00098774
Solution: 07212799 (validated)
Votes:    2520/2520
Wallets:  450188:2520

Id:       2521
Winner:   450188
Target:   07212799
Solution: 08292730 (rejected)
Votes:    2521/2521
Wallets:  450188:2521

Id:       2522
Winner:   450188
Target:   07212799
Solution: 08292730 (validated)
Votes:    2522/2522
Wallets:  450188:2522

Id:       2523
Winner:   450188
Target:   08292730
Solution: 05410060 (validated)
Votes:    2523/2523
Wallets:  450188:2523

Id:       2524
Winner:   450188
Target:   05410060
Solution: 09321789 (validated)
Votes:    2524/2524
Wallets:  450188:2524

Id:       2525
Winner:   450188
Target:   09321789
Solution: 04031622 (validated)
Votes:    2525/2525
Wallets:  450188:2525

Id:       2526
Winner:   450188
Target:   04031622
Solution: 00703869 (validated)
Votes:    2526/2526
Wallets:  450188:2526

Id:       2527
Winner:   450188
Target:   00703869
Solution: 08910534 (validated)
Votes:    2527/2527
Wallets:  450188:2527

Id:       2528
Winner:   450188
Target:   08910534
Solution: 09280559 (rejected)
Votes:    2528/2528
Wallets:  450188:2528

Id:       2529
Winner:   450188
Target:   08910534
Solution: 09280559 (validated)
Votes:    2529/2529
Wallets:  450188:2529

Id:       2530
Winner:   450188
Target:   09280559
Solution: 00936600 (validated)
Votes:    2530/2530
Wallets:  450188:2530

Id:       2531
Winner:   450188
Target:   00936600
Solution: 03741060 (validated)
Votes:    2531/2531
Wallets:  450188:2531

Id:       2532
Winner:   450188
Target:   03741060
Solution: 04193656 (validated)
Votes:    2532/2532
Wallets:  450188:2532

Id:       2533
Winner:   450188
Target:   04193656
Solution: 07262492 (validated)
Votes:    2533/2533
Wallets:  450188:2533

Id:       2534
Winner:   450188
Target:   07262492
Solution: 00762482 (validated)
Votes:    2534/2534
Wallets:  450188:2534

Id:       2535
Winner:   450188
Target:   00762482
Solution: 06853533 (rejected)
Votes:    2535/2535
Wallets:  450188:2535

Id:       2536
Winner:   450188
Target:   00762482
Solution: 06853533 (validated)
Votes:    2536/2536
Wallets:  450188:2536

Id:       2537
Winner:   450188
Target:   06853533
Solution: 07850622 (validated)
Votes:    2537/2537
Wallets:  450188:2537

Id:       2538
Winner:   450188
Target:   07850622
Solution: 08095127 (validated)
Votes:    2538/2538
Wallets:  450188:2538

Id:       2539
Winner:   450188
Target:   08095127
Solution: 02176594 (validated)
Votes:    2539/2539
Wallets:  450188:2539

Id:       2540
Winner:   450188
Target:   02176594
Solution: 05737999 (validated)
Votes:    2540/2540
Wallets:  450188:2540

Id:       2541
Winner:   450188
Target:   05737999
Solution: 08135359 (validated)
Votes:    2541/2541
Wallets:  450188:2541

Id:       2542
Winner:   450188
Target:   08135359
Solution: 00196153 (validated)
Votes:    2542/2542
Wallets:  450188:2542

Id:       2543
Winner:   450188
Target:   00196153
Solution: 00668577 (validated)
Votes:    2543/2543
Wallets:  450188:2543

Id:       2544
Winner:   450188
Target:   00668577
Solution: 09326769 (validated)
Votes:    2544/2544
Wallets:  450188:2544

Id:       2545
Winner:   450188
Target:   09326769
Solution: 00026160 (validated)
Votes:    2545/2545
Wallets:  450188:2545

Id:       2546
Winner:   450188
Target:   00026160
Solution: 01968950 (validated)
Votes:    2546/2546
Wallets:  450188:2546

Id:       2547
Winner:   450188
Target:   01968950
Solution: 03461764 (validated)
Votes:    2547/2547
Wallets:  450188:2547

Id:       2548
Winner:   450188
Target:   03461764
Solution: 01946626 (validated)
Votes:    2548/2548
Wallets:  450188:2548

Id:       2549
Winner:   450188
Target:   01946626
Solution: 08239485 (validated)
Votes:    2549/2549
Wallets:  450188:2549

Id:       2550
Winner:   450188
Target:   08239485
Solution: 05775428 (validated)
Votes:    2550/2550
Wallets:  450188:2550

Id:       2551
Winner:   450188
Target:   05775428
Solution: 01266465 (validated)
Votes:    2551/2551
Wallets:  450188:2551

Id:       2552
Winner:   450188
Target:   01266465
Solution: 06980057 (validated)
Votes:    2552/2552
Wallets:  450188:2552

Id:       2553
Winner:   450188
Target:   06980057
Solution: 02136313 (validated)
Votes:    2553/2553
Wallets:  450188:2553

Id:       2554
Winner:   450188
Target:   02136313
Solution: 02710821 (validated)
Votes:    2554/2554
Wallets:  450188:2554

Id:       2555
Winner:   450188
Target:   02710821
Solution: 07605267 (validated)
Votes:    2555/2555
Wallets:  450188:2555

Id:       2556
Winner:   450188
Target:   07605267
Solution: 05904168 (validated)
Votes:    2556/2556
Wallets:  450188:2556

Id:       2557
Winner:   450188
Target:   05904168
Solution: 02273871 (validated)
Votes:    2557/2557
Wallets:  450188:2557

Id:       2558
Winner:   450188
Target:   02273871
Solution: 01419901 (validated)
Votes:    2558/2558
Wallets:  450188:2558

Id:       2559
Winner:   450188
Target:   01419901
Solution: 02410098 (validated)
Votes:    2559/2559
Wallets:  450188:2559

Id:       2560
Winner:   450188
Target:   02410098
Solution: 09378356 (validated)
Votes:    2560/2560
Wallets:  450188:2560

Id:       2561
Winner:   450188
Target:   09378356
Solution: 04872962 (validated)
Votes:    2561/2561
Wallets:  450188:2561

Id:       2562
Winner:   450188
Target:   04872962
Solution: 00717585 (validated)
Votes:    2562/2562
Wallets:  450188:2562

Id:       2563
Winner:   450188
Target:   00717585
Solution: 03612242 (validated)
Votes:    2563/2563
Wallets:  450188:2563

Id:       2564
Winner:   450188
Target:   03612242
Solution: 01948081 (validated)
Votes:    2564/2564
Wallets:  450188:2564

Id:       2565
Winner:   450188
Target:   01948081
Solution: 09418071 (rejected)
Votes:    2565/2565
Wallets:  450188:2565

Id:       2566
Winner:   450188
Target:   01948081
Solution: 09418071 (validated)
Votes:    2566/2566
Wallets:  450188:2566

Id:       2567
Winner:   450188
Target:   09418071
Solution: 00453585 (rejected)
Votes:    2567/2567
Wallets:  450188:2567

Id:       2568
Winner:   450188
Target:   09418071
Solution: 00453585 (validated)
Votes:    2568/2568
Wallets:  450188:2568

Id:       2569
Winner:   450188
Target:   00453585
Solution: 09611975 (validated)
Votes:    2569/2569
Wallets:  450188:2569

Id:       2570
Winner:   450188
Target:   09611975
Solution: 01494708 (validated)
Votes:    2570/2570
Wallets:  450188:2570

Id:       2571
Winner:   450188
Target:   01494708
Solution: 09780766 (validated)
Votes:    2571/2571
Wallets:  450188:2571

Id:       2572
Winner:   450188
Target:   09780766
Solution: 09568817 (validated)
Votes:    2572/2572
Wallets:  450188:2572

Id:       2573
Winner:   450188
Target:   09568817
Solution: 00094940 (validated)
Votes:    2573/2573
Wallets:  450188:2573

Id:       2574
Winner:   450188
Target:   00094940
Solution: 03261998 (validated)
Votes:    2574/2574
Wallets:  450188:2574

Id:       2575
Winner:   450188
Target:   03261998
Solution: 04753096 (validated)
Votes:    2575/2575
Wallets:  450188:2575

Id:       2576
Winner:   450188
Target:   04753096
Solution: 05991331 (validated)
Votes:    2576/2576
Wallets:  450188:2576

Id:       2577
Winner:   450188
Target:   05991331
Solution: 07367375 (validated)
Votes:    2577/2577
Wallets:  450188:2577

Id:       2578
Winner:   450188
Target:   07367375
Solution: 04130854 (validated)
Votes:    2578/2578
Wallets:  450188:2578

Id:       2579
Winner:   450188
Target:   04130854
Solution: 07039445 (validated)
Votes:    2579/2579
Wallets:  450188:2579

Id:       2580
Winner:   450188
Target:   07039445
Solution: 02768462 (validated)
Votes:    2580/2580
Wallets:  450188:2580

Id:       2581
Winner:   450188
Target:   02768462
Solution: 00885526 (validated)
Votes:    2581/2581
Wallets:  450188:2581

Id:       2582
Winner:   450188
Target:   00885526
Solution: 03576859 (validated)
Votes:    2582/2582
Wallets:  450188:2582

Id:       2583
Winner:   450188
Target:   03576859
Solution: 05918634 (validated)
Votes:    2583/2583
Wallets:  450188:2583

Id:       2584
Winner:   450188
Target:   05918634
Solution: 01190514 (validated)
Votes:    2584/2584
Wallets:  450188:2584

Id:       2585
Winner:   450188
Target:   01190514
Solution: 01444971 (rejected)
Votes:    2585/2585
Wallets:  450188:2585

Id:       2586
Winner:   450188
Target:   01190514
Solution: 01444971 (validated)
Votes:    2586/2586
Wallets:  450188:2586

Id:       2587
Winner:   450188
Target:   01444971
Solution: 02000541 (validated)
Votes:    2587/2587
Wallets:  450188:2587

Id:       2588
Winner:   450188
Target:   02000541
Solution: 06973867 (validated)
Votes:    2588/2588
Wallets:  450188:2588

Id:       2589
Winner:   450188
Target:   06973867
Solution: 00008193 (validated)
Votes:    2589/2589
Wallets:  450188:2589

Id:       2590
Winner:   450188
Target:   00008193
Solution: 04772062 (validated)
Votes:    2590/2590
Wallets:  450188:2590

Id:       2591
Winner:   450188
Target:   04772062
Solution: 00204493 (validated)
Votes:    2591/2591
Wallets:  450188:2591

Id:       2592
Winner:   450188
Target:   00204493
Solution: 01549248 (validated)
Votes:    2592/2592
Wallets:  450188:2592

Id:       2593
Winner:   450188
Target:   01549248
Solution: 00363614 (validated)
Votes:    2593/2593
Wallets:  450188:2593

Id:       2594
Winner:   450188
Target:   00363614
Solution: 09932872 (validated)
Votes:    2594/2594
Wallets:  450188:2594

Id:       2595
Winner:   450188
Target:   09932872
Solution: 06189044 (validated)
Votes:    2595/2595
Wallets:  450188:2595

Id:       2596
Winner:   450188
Target:   06189044
Solution: 03887387 (validated)
Votes:    2596/2596
Wallets:  450188:2596

Id:       2597
Winner:   450188
Target:   03887387
Solution: 05594488 (validated)
Votes:    2597/2597
Wallets:  450188:2597

Id:       2598
Winner:   450188
Target:   05594488
Solution: 06830493 (validated)
Votes:    2598/2598
Wallets:  450188:2598

Id:       2599
Winner:   450188
Target:   06830493
Solution: 04338801 (validated)
Votes:    2599/2599
Wallets:  450188:2599

Id:       2600
Winner:   450188
Target:   04338801
Solution: 06819481 (validated)
Votes:    2600/2600
Wallets:  450188:2600

Id:       2601
Winner:   450188
Target:   06819481
Solution: 02571800 (validated)
Votes:    2601/2601
Wallets:  450188:2601

Id:       2602
Winner:   450188
Target:   02571800
Solution: 02207234 (validated)
Votes:    2602/2602
Wallets:  450188:2602

Id:       2603
Winner:   450188
Target:   02207234
Solution: 05305242 (validated)
Votes:    2603/2603
Wallets:  450188:2603

Id:       2604
Winner:   450188
Target:   05305242
Solution: 01986376 (validated)
Votes:    2604/2604
Wallets:  450188:2604

Id:       2605
Winner:   450188
Target:   01986376
Solution: 01684009 (validated)
Votes:    2605/2605
Wallets:  450188:2605

Id:       2606
Winner:   450188
Target:   01684009
Solution: 05815289 (validated)
Votes:    2606/2606
Wallets:  450188:2606

Id:       2607
Winner:   450188
Target:   05815289
Solution: 09931437 (validated)
Votes:    2607/2607
Wallets:  450188:2607

Id:       2608
Winner:   450188
Target:   09931437
Solution: 03789830 (validated)
Votes:    2608/2608
Wallets:  450188:2608

Id:       2609
Winner:   450188
Target:   03789830
Solution: 07005984 (validated)
Votes:    2609/2609
Wallets:  450188:2609

Id:       2610
Winner:   450188
Target:   07005984
Solution: 03410410 (validated)
Votes:    2610/2610
Wallets:  450188:2610

Id:       2611
Winner:   450188
Target:   03410410
Solution: 08873520 (rejected)
Votes:    2611/2611
Wallets:  450188:2611

Id:       2612
Winner:   450188
Target:   03410410
Solution: 08873520 (validated)
Votes:    2612/2612
Wallets:  450188:2612

Id:       2613
Winner:   450188
Target:   08873520
Solution: 00819119 (validated)
Votes:    2613/2613
Wallets:  450188:2613

Id:       2614
Winner:   450188
Target:   00819119
Solution: 03422675 (validated)
Votes:    2614/2614
Wallets:  450188:2614

Id:       2615
Winner:   450188
Target:   03422675
Solution: 00152977 (validated)
Votes:    2615/2615
Wallets:  450188:2615

Id:       2616
Winner:   450188
Target:   00152977
Solution: 04366453 (validated)
Votes:    2616/2616
Wallets:  450188:2616

Id:       2617
Winner:   450188
Target:   04366453
Solution: 02791383 (validated)
Votes:    2617/2617
Wallets:  450188:2617

Id:       2618
Winner:   450188
Target:   02791383
Solution: 03661926 (validated)
Votes:    2618/2618
Wallets:  450188:2618

Id:       2619
Winner:   450188
Target:   03661926
Solution: 06964352 (validated)
Votes:    2619/2619
Wallets:  450188:2619

Id:       2620
Winner:   450188
Target:   06964352
Solution: 00855538 (validated)
Votes:    2620/2620
Wallets:  450188:2620

Id:       2621
Winner:   450188
Target:   00855538
Solution: 08207010 (validated)
Votes:    2621/2621
Wallets:  450188:2621

Id:       2622
Winner:   450188
Target:   08207010
Solution: 08226137 (validated)
Votes:    2622/2622
Wallets:  450188:2622

Id:       2623
Winner:   450188
Target:   08226137
Solution: 04610480 (validated)
Votes:    2623/2623
Wallets:  450188:2623

Id:       2624
Winner:   450188
Target:   04610480
Solution: 00051847 (validated)
Votes:    2624/2624
Wallets:  450188:2624

Id:       2625
Winner:   450188
Target:   00051847
Solution: 07892886 (validated)
Votes:    2625/2625
Wallets:  450188:2625

Id:       2626
Winner:   450188
Target:   07892886
Solution: 06070324 (rejected)
Votes:    2626/2626
Wallets:  450188:2626

Id:       2627
Winner:   450188
Target:   07892886
Solution: 06070324 (rejected)
Votes:    2627/2627
Wallets:  450188:2627

Id:       2628
Winner:   450188
Target:   07892886
Solution: 06070324 (rejected)
Votes:    2628/2628
Wallets:  450188:2628

Id:       2629
Winner:   450188
Target:   07892886
Solution: 06070324 (validated)
Votes:    2629/2629
Wallets:  450188:2629

Id:       2630
Winner:   450188
Target:   06070324
Solution: 01204870 (validated)
Votes:    2630/2630
Wallets:  450188:2630

Id:       2631
Winner:   450188
Target:   01204870
Solution: 07075068 (validated)
Votes:    2631/2631
Wallets:  450188:2631

Id:       2632
Winner:   450188
Target:   07075068
Solution: 04145767 (validated)
Votes:    2632/2632
Wallets:  450188:2632

Id:       2633
Winner:   450188
Target:   04145767
Solution: 02669525 (validated)
Votes:    2633/2633
Wallets:  450188:2633

Id:       2634
Winner:   450188
Target:   02669525
Solution: 06538778 (validated)
Votes:    2634/2634
Wallets:  450188:2634

Id:       2635
Winner:   450188
Target:   06538778
Solution: 02215295 (validated)
Votes:    2635/2635
Wallets:  450188:2635

Id:       2636
Winner:   450188
Target:   02215295
Solution: 05217819 (validated)
Votes:    2636/2636
Wallets:  450188:2636

Id:       2637
Winner:   450188
Target:   05217819
Solution: 02763339 (validated)
Votes:    2637/2637
Wallets:  450188:2637

Id:       2638
Winner:   450188
Target:   02763339
Solution: 07619860 (rejected)
Votes:    2638/2638
Wallets:  450188:2638

Id:       2639
Winner:   450188
Target:   02763339
Solution: 07619860 (validated)
Votes:    2639/2639
Wallets:  450188:2639

Id:       2640
Winner:   450188
Target:   07619860
Solution: 01068902 (validated)
Votes:    2640/2640
Wallets:  450188:2640

Id:       2641
Winner:   450188
Target:   01068902
Solution: 01305335 (validated)
Votes:    2641/2641
Wallets:  450188:2641

Id:       2642
Winner:   450188
Target:   01305335
Solution: 04143728 (validated)
Votes:    2642/2642
Wallets:  450188:2642

Id:       2643
Winner:   450188
Target:   04143728
Solution: 09139725 (validated)
Votes:    2643/2643
Wallets:  450188:2643

Id:       2644
Winner:   450188
Target:   09139725
Solution: 00212907 (validated)
Votes:    2644/2644
Wallets:  450188:2644

Id:       2645
Winner:   450188
Target:   00212907
Solution: 05911753 (validated)
Votes:    2645/2645
Wallets:  450188:2645

Id:       2646
Winner:   450188
Target:   05911753
Solution: 09242461 (validated)
Votes:    2646/2646
Wallets:  450188:2646

Id:       2647
Winner:   450188
Target:   09242461
Solution: 00646555 (rejected)
Votes:    2647/2647
Wallets:  450188:2647

Id:       2648
Winner:   450188
Target:   09242461
Solution: 00646555 (rejected)
Votes:    2648/2648
Wallets:  450188:2648

Id:       2649
Winner:   450188
Target:   09242461
Solution: 00646555 (validated)
Votes:    2649/2649
Wallets:  450188:2649

Id:       2650
Winner:   450188
Target:   00646555
Solution: 09669783 (validated)
Votes:    2650/2650
Wallets:  450188:2650

Id:       2651
Winner:   450188
Target:   09669783
Solution: 08577196 (validated)
Votes:    2651/2651
Wallets:  450188:2651

Id:       2652
Winner:   450188
Target:   08577196
Solution: 02053359 (validated)
Votes:    2652/2652
Wallets:  450188:2652

Id:       2653
Winner:   450188
Target:   02053359
Solution: 08674434 (validated)
Votes:    2653/2653
Wallets:  450188:2653

Id:       2654
Winner:   450188
Target:   08674434
Solution: 02115025 (validated)
Votes:    2654/2654
Wallets:  450188:2654

Id:       2655
Winner:   450188
Target:   02115025
Solution: 06245733 (validated)
Votes:    2655/2655
Wallets:  450188:2655

Id:       2656
Winner:   450188
Target:   06245733
Solution: 01281975 (validated)
Votes:    2656/2656
Wallets:  450188:2656

Id:       2657
Winner:   450188
Target:   01281975
Solution: 00166561 (validated)
Votes:    2657/2657
Wallets:  450188:2657

Id:       2658
Winner:   450188
Target:   00166561
Solution: 03125227 (validated)
Votes:    2658/2658
Wallets:  450188:2658

Id:       2659
Winner:   450188
Target:   03125227
Solution: 02002171 (validated)
Votes:    2659/2659
Wallets:  450188:2659

Id:       2660
Winner:   450188
Target:   02002171
Solution: 07469655 (validated)
Votes:    2660/2660
Wallets:  450188:2660

Id:       2661
Winner:   450188
Target:   07469655
Solution: 00402190 (validated)
Votes:    2661/2661
Wallets:  450188:2661

Id:       2662
Winner:   450188
Target:   00402190
Solution: 07043920 (validated)
Votes:    2662/2662
Wallets:  450188:2662

Id:       2663
Winner:   450188
Target:   07043920
Solution: 09588463 (validated)
Votes:    2663/2663
Wallets:  450188:2663

Id:       2664
Winner:   450188
Target:   09588463
Solution: 02795235 (rejected)
Votes:    2664/2664
Wallets:  450188:2664

Id:       2665
Winner:   450188
Target:   09588463
Solution: 02795235 (validated)
Votes:    2665/2665
Wallets:  450188:2665

Id:       2666
Winner:   450188
Target:   02795235
Solution: 02515083 (validated)
Votes:    2666/2666
Wallets:  450188:2666

Id:       2667
Winner:   450188
Target:   02515083
Solution: 00522907 (validated)
Votes:    2667/2667
Wallets:  450188:2667

Id:       2668
Winner:   450188
Target:   00522907
Solution: 01820477 (validated)
Votes:    2668/2668
Wallets:  450188:2668

Id:       2669
Winner:   450188
Target:   01820477
Solution: 01064716 (validated)
Votes:    2669/2669
Wallets:  450188:2669

Id:       2670
Winner:   450188
Target:   01064716
Solution: 04840811 (validated)
Votes:    2670/2670
Wallets:  450188:2670

Id:       2671
Winner:   450188
Target:   04840811
Solution: 01389975 (validated)
Votes:    2671/2671
Wallets:  450188:2671

Id:       2672
Winner:   450188
Target:   01389975
Solution: 07255381 (validated)
Votes:    2672/2672
Wallets:  450188:2672

Id:       2673
Winner:   450188
Target:   07255381
Solution: 02856257 (validated)
Votes:    2673/2673
Wallets:  450188:2673

Id:       2674
Winner:   450188
Target:   02856257
Solution: 01399355 (validated)
Votes:    2674/2674
Wallets:  450188:2674

Id:       2675
Winner:   450188
Target:   01399355
Solution: 04649578 (validated)
Votes:    2675/2675
Wallets:  450188:2675

Id:       2676
Winner:   450188
Target:   04649578
Solution: 09294371 (validated)
Votes:    2676/2676
Wallets:  450188:2676

Id:       2677
Winner:   450188
Target:   09294371
Solution: 01776530 (validated)
Votes:    2677/2677
Wallets:  450188:2677

Id:       2678
Winner:   450188
Target:   01776530
Solution: 09827474 (validated)
Votes:    2678/2678
Wallets:  450188:2678

Id:       2679
Winner:   450188
Target:   09827474
Solution: 04258752 (validated)
Votes:    2679/2679
Wallets:  450188:2679

Id:       2680
Winner:   450188
Target:   04258752
Solution: 05447726 (validated)
Votes:    2680/2680
Wallets:  450188:2680

Id:       2681
Winner:   450188
Target:   05447726
Solution: 01985229 (validated)
Votes:    2681/2681
Wallets:  450188:2681

Id:       2682
Winner:   450188
Target:   01985229
Solution: 07701764 (validated)
Votes:    2682/2682
Wallets:  450188:2682

Id:       2683
Winner:   450188
Target:   07701764
Solution: 09199774 (validated)
Votes:    2683/2683
Wallets:  450188:2683

Id:       2684
Winner:   450188
Target:   09199774
Solution: 02493628 (validated)
Votes:    2684/2684
Wallets:  450188:2684

Id:       2685
Winner:   450188
Target:   02493628
Solution: 00253287 (validated)
Votes:    2685/2685
Wallets:  450188:2685

Id:       2686
Winner:   450188
Target:   00253287
Solution: 00897283 (validated)
Votes:    2686/2686
Wallets:  450188:2686

Id:       2687
Winner:   450188
Target:   00897283
Solution: 09863952 (rejected)
Votes:    2687/2687
Wallets:  450188:2687

Id:       2688
Winner:   450188
Target:   00897283
Solution: 09863952 (validated)
Votes:    2688/2688
Wallets:  450188:2688

Id:       2689
Winner:   450188
Target:   09863952
Solution: 03442695 (validated)
Votes:    2689/2689
Wallets:  450188:2689

Id:       2690
Winner:   450188
Target:   03442695
Solution: 08021080 (validated)
Votes:    2690/2690
Wallets:  450188:2690

Id:       2691
Winner:   450188
Target:   08021080
Solution: 08408244 (validated)
Votes:    2691/2691
Wallets:  450188:2691

Id:       2692
Winner:   450188
Target:   08408244
Solution: 01805766 (validated)
Votes:    2692/2692
Wallets:  450188:2692

Id:       2693
Winner:   450188
Target:   01805766
Solution: 07103069 (validated)
Votes:    2693/2693
Wallets:  450188:2693

Id:       2694
Winner:   450188
Target:   07103069
Solution: 06811262 (validated)
Votes:    2694/2694
Wallets:  450188:2694

Id:       2695
Winner:   450188
Target:   06811262
Solution: 06303566 (rejected)
Votes:    2695/2695
Wallets:  450188:2695

Id:       2696
Winner:   450188
Target:   06811262
Solution: 06303566 (validated)
Votes:    2696/2696
Wallets:  450188:2696

Id:       2697
Winner:   450188
Target:   06303566
Solution: 06838678 (validated)
Votes:    2697/2697
Wallets:  450188:2697

Id:       2698
Winner:   450188
Target:   06838678
Solution: 04681642 (validated)
Votes:    2698/2698
Wallets:  450188:2698

Id:       2699
Winner:   450188
Target:   04681642
Solution: 09932634 (validated)
Votes:    2699/2699
Wallets:  450188:2699

Id:       2700
Winner:   450188
Target:   09932634
Solution: 04718202 (validated)
Votes:    2700/2700
Wallets:  450188:2700

Id:       2701
Winner:   450188
Target:   04718202
Solution: 08111081 (validated)
Votes:    2701/2701
Wallets:  450188:2701

Id:       2702
Winner:   450188
Target:   08111081
Solution: 06256405 (rejected)
Votes:    2702/2702
Wallets:  450188:2702

Id:       2703
Winner:   450188
Target:   08111081
Solution: 06256405 (validated)
Votes:    2703/2703
Wallets:  450188:2703

Id:       2704
Winner:   450188
Target:   06256405
Solution: 03804258 (validated)
Votes:    2704/2704
Wallets:  450188:2704

Id:       2705
Winner:   450188
Target:   03804258
Solution: 02243202 (validated)
Votes:    2705/2705
Wallets:  450188:2705

Id:       2706
Winner:   450188
Target:   02243202
Solution: 05622108 (validated)
Votes:    2706/2706
Wallets:  450188:2706

Id:       2707
Winner:   450188
Target:   05622108
Solution: 00756321 (validated)
Votes:    2707/2707
Wallets:  450188:2707

Id:       2708
Winner:   450188
Target:   00756321
Solution: 00955963 (rejected)
Votes:    2708/2708
Wallets:  450188:2708

Id:       2709
Winner:   450188
Target:   00756321
Solution: 00955963 (validated)
Votes:    2709/2709
Wallets:  450188:2709

Id:       2710
Winner:   450188
Target:   00955963
Solution: 07716926 (validated)
Votes:    2710/2710
Wallets:  450188:2710

Id:       2711
Winner:   450188
Target:   07716926
Solution: 07628890 (validated)
Votes:    2711/2711
Wallets:  450188:2711

Id:       2712
Winner:   450188
Target:   07628890
Solution: 09826392 (validated)
Votes:    2712/2712
Wallets:  450188:2712

Id:       2713
Winner:   450188
Target:   09826392
Solution: 06309466 (validated)
Votes:    2713/2713
Wallets:  450188:2713

Id:       2714
Winner:   450188
Target:   06309466
Solution: 06670510 (rejected)
Votes:    2714/2714
Wallets:  450188:2714

Id:       2715
Winner:   450188
Target:   06309466
Solution: 06670510 (validated)
Votes:    2715/2715
Wallets:  450188:2715

Id:       2716
Winner:   450188
Target:   06670510
Solution: 04574377 (rejected)
Votes:    2716/2716
Wallets:  450188:2716

Id:       2717
Winner:   450188
Target:   06670510
Solution: 04574377 (validated)
Votes:    2717/2717
Wallets:  450188:2717

Id:       2718
Winner:   450188
Target:   04574377
Solution: 07974220 (validated)
Votes:    2718/2718
Wallets:  450188:2718

Id:       2719
Winner:   450188
Target:   07974220
Solution: 08998306 (validated)
Votes:    2719/2719
Wallets:  450188:2719

Id:       2720
Winner:   450188
Target:   08998306
Solution: 05199492 (validated)
Votes:    2720/2720
Wallets:  450188:2720

Id:       2721
Winner:   450188
Target:   05199492
Solution: 07542361 (validated)
Votes:    2721/2721
Wallets:  450188:2721

Id:       2722
Winner:   450188
Target:   07542361
Solution: 04030229 (validated)
Votes:    2722/2722
Wallets:  450188:2722

Id:       2723
Winner:   450188
Target:   04030229
Solution: 09738112 (validated)
Votes:    2723/2723
Wallets:  450188:2723

Id:       2724
Winner:   450188
Target:   09738112
Solution: 05402775 (validated)
Votes:    2724/2724
Wallets:  450188:2724

Id:       2725
Winner:   450188
Target:   05402775
Solution: 04039173 (validated)
Votes:    2725/2725
Wallets:  450188:2725

Id:       2726
Winner:   450188
Target:   04039173
Solution: 01749369 (validated)
Votes:    2726/2726
Wallets:  450188:2726

Id:       2727
Winner:   450188
Target:   01749369
Solution: 05884088 (rejected)
Votes:    2727/2727
Wallets:  450188:2727

Id:       2728
Winner:   450188
Target:   01749369
Solution: 05884088 (rejected)
Votes:    2728/2728
Wallets:  450188:2728

Id:       2729
Winner:   450188
Target:   01749369
Solution: 05884088 (validated)
Votes:    2729/2729
Wallets:  450188:2729

Id:       2730
Winner:   450188
Target:   05884088
Solution: 08065349 (validated)
Votes:    2730/2730
Wallets:  450188:2730

Id:       2731
Winner:   450188
Target:   08065349
Solution: 03987848 (validated)
Votes:    2731/2731
Wallets:  450188:2731

Id:       2732
Winner:   450188
Target:   03987848
Solution: 04906813 (validated)
Votes:    2732/2732
Wallets:  450188:2732

Id:       2733
Winner:   450188
Target:   04906813
Solution: 06266482 (validated)
Votes:    2733/2733
Wallets:  450188:2733

Id:       2734
Winner:   450188
Target:   06266482
Solution: 02649436 (validated)
Votes:    2734/2734
Wallets:  450188:2734

Id:       2735
Winner:   450188
Target:   02649436
Solution: 04881381 (validated)
Votes:    2735/2735
Wallets:  450188:2735

Id:       2736
Winner:   450188
Target:   04881381
Solution: 04774933 (rejected)
Votes:    2736/2736
Wallets:  450188:2736

Id:       2737
Winner:   450188
Target:   04881381
Solution: 04774933 (validated)
Votes:    2737/2737
Wallets:  450188:2737

Id:       2738
Winner:   450188
Target:   04774933
Solution: 06941429 (validated)
Votes:    2738/2738
Wallets:  450188:2738

Id:       2739
Winner:   450188
Target:   06941429
Solution: 04199819 (validated)
Votes:    2739/2739
Wallets:  450188:2739

Id:       2740
Winner:   450188
Target:   04199819
Solution: 07039381 (validated)
Votes:    2740/2740
Wallets:  450188:2740

Id:       2741
Winner:   450188
Target:   07039381
Solution: 08674011 (validated)
Votes:    2741/2741
Wallets:  450188:2741

Id:       2742
Winner:   450188
Target:   08674011
Solution: 01937295 (rejected)
Votes:    2742/2742
Wallets:  450188:2742

Id:       2743
Winner:   450188
Target:   08674011
Solution: 01937295 (validated)
Votes:    2743/2743
Wallets:  450188:2743

Id:       2744
Winner:   450188
Target:   01937295
Solution: 05855210 (validated)
Votes:    2744/2744
Wallets:  450188:2744

Id:       2745
Winner:   450188
Target:   05855210
Solution: 04936828 (validated)
Votes:    2745/2745
Wallets:  450188:2745

Id:       2746
Winner:   450188
Target:   04936828
Solution: 03987562 (validated)
Votes:    2746/2746
Wallets:  450188:2746

Id:       2747
Winner:   450188
Target:   03987562
Solution: 00366860 (validated)
Votes:    2747/2747
Wallets:  450188:2747

Id:       2748
Winner:   450188
Target:   00366860
Solution: 03780730 (validated)
Votes:    2748/2748
Wallets:  450188:2748

Id:       2749
Winner:   450188
Target:   03780730
Solution: 02520692 (validated)
Votes:    2749/2749
Wallets:  450188:2749

Id:       2750
Winner:   450188
Target:   02520692
Solution: 06117640 (validated)
Votes:    2750/2750
Wallets:  450188:2750

Id:       2751
Winner:   450188
Target:   06117640
Solution: 04777120 (validated)
Votes:    2751/2751
Wallets:  450188:2751

Id:       2752
Winner:   450188
Target:   04777120
Solution: 07434897 (validated)
Votes:    2752/2752
Wallets:  450188:2752

Id:       2753
Winner:   450188
Target:   07434897
Solution: 06218906 (validated)
Votes:    2753/2753
Wallets:  450188:2753

Id:       2754
Winner:   450188
Target:   06218906
Solution: 04947653 (validated)
Votes:    2754/2754
Wallets:  450188:2754

Id:       2755
Winner:   450188
Target:   04947653
Solution: 03170659 (validated)
Votes:    2755/2755
Wallets:  450188:2755

Id:       2756
Winner:   450188
Target:   03170659
Solution: 02584754 (validated)
Votes:    2756/2756
Wallets:  450188:2756

Id:       2757
Winner:   450188
Target:   02584754
Solution: 09422699 (validated)
Votes:    2757/2757
Wallets:  450188:2757

Id:       2758
Winner:   450188
Target:   09422699
Solution: 03934400 (validated)
Votes:    2758/2758
Wallets:  450188:2758

Id:       2759
Winner:   450188
Target:   03934400
Solution: 01665240 (validated)
Votes:    2759/2759
Wallets:  450188:2759

Id:       2760
Winner:   450188
Target:   01665240
Solution: 03578020 (validated)
Votes:    2760/2760
Wallets:  450188:2760

Id:       2761
Winner:   450188
Target:   03578020
Solution: 07044597 (validated)
Votes:    2761/2761
Wallets:  450188:2761

Id:       2762
Winner:   450188
Target:   07044597
Solution: 02262375 (validated)
Votes:    2762/2762
Wallets:  450188:2762

Id:       2763
Winner:   450188
Target:   02262375
Solution: 01198546 (validated)
Votes:    2763/2763
Wallets:  450188:2763

Id:       2764
Winner:   450188
Target:   01198546
Solution: 05126998 (validated)
Votes:    2764/2764
Wallets:  450188:2764

Id:       2765
Winner:   450188
Target:   05126998
Solution: 04972441 (validated)
Votes:    2765/2765
Wallets:  450188:2765

Id:       2766
Winner:   450188
Target:   04972441
Solution: 05975181 (validated)
Votes:    2766/2766
Wallets:  450188:2766

Id:       2767
Winner:   450188
Target:   05975181
Solution: 03252482 (validated)
Votes:    2767/2767
Wallets:  450188:2767

Id:       2768
Winner:   450188
Target:   03252482
Solution: 03661933 (validated)
Votes:    2768/2768
Wallets:  450188:2768

Id:       2769
Winner:   450188
Target:   03661933
Solution: 00538514 (validated)
Votes:    2769/2769
Wallets:  450188:2769

Id:       2770
Winner:   450188
Target:   00538514
Solution: 03083711 (validated)
Votes:    2770/2770
Wallets:  450188:2770

Id:       2771
Winner:   450188
Target:   03083711
Solution: 04364893 (validated)
Votes:    2771/2771
Wallets:  450188:2771

Id:       2772
Winner:   450188
Target:   04364893
Solution: 08021094 (validated)
Votes:    2772/2772
Wallets:  450188:2772

Id:       2773
Winner:   450188
Target:   08021094
Solution: 05554265 (validated)
Votes:    2773/2773
Wallets:  450188:2773

Id:       2774
Winner:   450188
Target:   05554265
Solution: 06262112 (validated)
Votes:    2774/2774
Wallets:  450188:2774

Id:       2775
Winner:   450188
Target:   06262112
Solution: 09416532 (validated)
Votes:    2775/2775
Wallets:  450188:2775

Id:       2776
Winner:   450188
Target:   09416532
Solution: 06401176 (validated)
Votes:    2776/2776
Wallets:  450188:2776

Id:       2777
Winner:   450188
Target:   06401176
Solution: 08191136 (validated)
Votes:    2777/2777
Wallets:  450188:2777

Id:       2778
Winner:   450188
Target:   08191136
Solution: 09261511 (validated)
Votes:    2778/2778
Wallets:  450188:2778

Id:       2779
Winner:   450188
Target:   09261511
Solution: 07728934 (validated)
Votes:    2779/2779
Wallets:  450188:2779

Id:       2780
Winner:   450188
Target:   07728934
Solution: 00596641 (validated)
Votes:    2780/2780
Wallets:  450188:2780

Id:       2781
Winner:   450188
Target:   00596641
Solution: 08693037 (validated)
Votes:    2781/2781
Wallets:  450188:2781

Id:       2782
Winner:   450188
Target:   08693037
Solution: 02486270 (validated)
Votes:    2782/2782
Wallets:  450188:2782

Id:       2783
Winner:   450188
Target:   02486270
Solution: 03425042 (validated)
Votes:    2783/2783
Wallets:  450188:2783

Id:       2784
Winner:   450188
Target:   03425042
Solution: 09656187 (validated)
Votes:    2784/2784
Wallets:  450188:2784

Id:       2785
Winner:   450188
Target:   09656187
Solution: 06551720 (validated)
Votes:    2785/2785
Wallets:  450188:2785

Id:       2786
Winner:   450188
Target:   06551720
Solution: 06164058 (validated)
Votes:    2786/2786
Wallets:  450188:2786

Id:       2787
Winner:   450188
Target:   06164058
Solution: 07168464 (validated)
Votes:    2787/2787
Wallets:  450188:2787

Id:       2788
Winner:   450188
Target:   07168464
Solution: 04743962 (validated)
Votes:    2788/2788
Wallets:  450188:2788

Id:       2789
Winner:   450188
Target:   04743962
Solution: 05580646 (validated)
Votes:    2789/2789
Wallets:  450188:2789

Id:       2790
Winner:   450188
Target:   05580646
Solution: 07821505 (validated)
Votes:    2790/2790
Wallets:  450188:2790

Id:       2791
Winner:   450188
Target:   07821505
Solution: 01557256 (validated)
Votes:    2791/2791
Wallets:  450188:2791

Id:       2792
Winner:   450188
Target:   01557256
Solution: 07509934 (validated)
Votes:    2792/2792
Wallets:  450188:2792

Id:       2793
Winner:   450188
Target:   07509934
Solution: 09550049 (validated)
Votes:    2793/2793
Wallets:  450188:2793

Id:       2794
Winner:   450188
Target:   09550049
Solution: 09793876 (validated)
Votes:    2794/2794
Wallets:  450188:2794

Id:       2795
Winner:   450188
Target:   09793876
Solution: 09262923 (validated)
Votes:    2795/2795
Wallets:  450188:2795

Id:       2796
Winner:   450188
Target:   09262923
Solution: 05533252 (validated)
Votes:    2796/2796
Wallets:  450188:2796

Id:       2797
Winner:   450188
Target:   05533252
Solution: 03011086 (validated)
Votes:    2797/2797
Wallets:  450188:2797

Id:       2798
Winner:   450188
Target:   03011086
Solution: 07790547 (validated)
Votes:    2798/2798
Wallets:  450188:2798

Id:       2799
Winner:   450188
Target:   07790547
Solution: 05401683 (validated)
Votes:    2799/2799
Wallets:  450188:2799

Id:       2800
Winner:   450188
Target:   05401683
Solution: 06700201 (validated)
Votes:    2800/2800
Wallets:  450188:2800

Id:       2801
Winner:   450188
Target:   06700201
Solution: 04073776 (rejected)
Votes:    2801/2801
Wallets:  450188:2801

Id:       2802
Winner:   450188
Target:   06700201
Solution: 04073776 (validated)
Votes:    2802/2802
Wallets:  450188:2802

Id:       2803
Winner:   450188
Target:   04073776
Solution: 05392520 (validated)
Votes:    2803/2803
Wallets:  450188:2803

Id:       2804
Winner:   450188
Target:   05392520
Solution: 00061269 (validated)
Votes:    2804/2804
Wallets:  450188:2804

Id:       2805
Winner:   450188
Target:   00061269
Solution: 06722843 (validated)
Votes:    2805/2805
Wallets:  450188:2805

Id:       2806
Winner:   450188
Target:   06722843
Solution: 05882082 (validated)
Votes:    2806/2806
Wallets:  450188:2806

Id:       2807
Winner:   450188
Target:   05882082
Solution: 08522434 (validated)
Votes:    2807/2807
Wallets:  450188:2807

Id:       2808
Winner:   450188
Target:   08522434
Solution: 01025009 (validated)
Votes:    2808/2808
Wallets:  450188:2808

Id:       2809
Winner:   450188
Target:   01025009
Solution: 04772858 (validated)
Votes:    2809/2809
Wallets:  450188:2809

Id:       2810
Winner:   450188
Target:   04772858
Solution: 03611523 (validated)
Votes:    2810/2810
Wallets:  450188:2810

Id:       2811
Winner:   450188
Target:   03611523
Solution: 07838409 (validated)
Votes:    2811/2811
Wallets:  450188:2811

Id:       2812
Winner:   450188
Target:   07838409
Solution: 07643419 (validated)
Votes:    2812/2812
Wallets:  450188:2812

Id:       2813
Winner:   450188
Target:   07643419
Solution: 00898978 (validated)
Votes:    2813/2813
Wallets:  450188:2813

Id:       2814
Winner:   450188
Target:   00898978
Solution: 06392699 (validated)
Votes:    2814/2814
Wallets:  450188:2814

Id:       2815
Winner:   450188
Target:   06392699
Solution: 01674991 (rejected)
Votes:    2815/2815
Wallets:  450188:2815

Id:       2816
Winner:   450188
Target:   06392699
Solution: 01674991 (validated)
Votes:    2816/2816
Wallets:  450188:2816

Id:       2817
Winner:   450188
Target:   01674991
Solution: 00324501 (validated)
Votes:    2817/2817
Wallets:  450188:2817

Id:       2818
Winner:   450188
Target:   00324501
Solution: 01605819 (validated)
Votes:    2818/2818
Wallets:  450188:2818

Id:       2819
Winner:   450188
Target:   01605819
Solution: 08958986 (validated)
Votes:    2819/2819
Wallets:  450188:2819

Id:       2820
Winner:   450188
Target:   08958986
Solution: 05506860 (validated)
Votes:    2820/2820
Wallets:  450188:2820

Id:       2821
Winner:   450188
Target:   05506860
Solution: 00123499 (validated)
Votes:    2821/2821
Wallets:  450188:2821

Id:       2822
Winner:   450188
Target:   00123499
Solution: 07863681 (validated)
Votes:    2822/2822
Wallets:  450188:2822

Id:       2823
Winner:   450188
Target:   07863681
Solution: 08902295 (validated)
Votes:    2823/2823
Wallets:  450188:2823

Id:       2824
Winner:   450188
Target:   08902295
Solution: 04235256 (validated)
Votes:    2824/2824
Wallets:  450188:2824

Id:       2825
Winner:   450188
Target:   04235256
Solution: 07771290 (validated)
Votes:    2825/2825
Wallets:  450188:2825

Id:       2826
Winner:   450188
Target:   07771290
Solution: 06953725 (validated)
Votes:    2826/2826
Wallets:  450188:2826

Id:       2827
Winner:   450188
Target:   06953725
Solution: 05584539 (validated)
Votes:    2827/2827
Wallets:  450188:2827

Id:       2828
Winner:   450188
Target:   05584539
Solution: 06171914 (validated)
Votes:    2828/2828
Wallets:  450188:2828

Id:       2829
Winner:   450188
Target:   06171914
Solution: 09594781 (validated)
Votes:    2829/2829
Wallets:  450188:2829

Id:       2830
Winner:   450188
Target:   09594781
Solution: 03109954 (validated)
Votes:    2830/2830
Wallets:  450188:2830

Id:       2831
Winner:   450188
Target:   03109954
Solution: 08348001 (rejected)
Votes:    2831/2831
Wallets:  450188:2831

Id:       2832
Winner:   450188
Target:   03109954
Solution: 08348001 (validated)
Votes:    2832/2832
Wallets:  450188:2832

Id:       2833
Winner:   450188
Target:   08348001
Solution: 03366979 (validated)
Votes:    2833/2833
Wallets:  450188:2833

Id:       2834
Winner:   450188
Target:   03366979
Solution: 08139009 (validated)
Votes:    2834/2834
Wallets:  450188:2834

Id:       2835
Winner:   450188
Target:   08139009
Solution: 07378574 (validated)
Votes:    2835/2835
Wallets:  450188:2835

Id:       2836
Winner:   450188
Target:   07378574
Solution: 08481759 (rejected)
Votes:    2836/2836
Wallets:  450188:2836

Id:       2837
Winner:   450188
Target:   07378574
Solution: 08481759 (validated)
Votes:    2837/2837
Wallets:  450188:2837

Id:       2838
Winner:   450188
Target:   08481759
Solution: 04048348 (rejected)
Votes:    2838/2838
Wallets:  450188:2838

Id:       2839
Winner:   450188
Target:   08481759
Solution: 04048348 (validated)
Votes:    2839/2839
Wallets:  450188:2839

Id:       2840
Winner:   450188
Target:   04048348
Solution: 01657306 (validated)
Votes:    2840/2840
Wallets:  450188:2840

Id:       2841
Winner:   450188
Target:   01657306
Solution: 09911231 (rejected)
Votes:    2841/2841
Wallets:  450188:2841

Id:       2842
Winner:   450188
Target:   01657306
Solution: 09911231 (validated)
Votes:    2842/2842
Wallets:  450188:2842

Id:       2843
Winner:   450188
Target:   09911231
Solution: 05274028 (validated)
Votes:    2843/2843
Wallets:  450188:2843

Id:       2844
Winner:   450188
Target:   05274028
Solution: 09457605 (validated)
Votes:    2844/2844
Wallets:  450188:2844

Id:       2845
Winner:   450188
Target:   09457605
Solution: 05081352 (rejected)
Votes:    2845/2845
Wallets:  450188:2845

Id:       2846
Winner:   450188
Target:   09457605
Solution: 05081352 (validated)
Votes:    2846/2846
Wallets:  450188:2846

Id:       2847
Winner:   450188
Target:   05081352
Solution: 09452420 (validated)
Votes:    2847/2847
Wallets:  450188:2847

Id:       2848
Winner:   450188
Target:   09452420
Solution: 01602857 (validated)
Votes:    2848/2848
Wallets:  450188:2848

Id:       2849
Winner:   450188
Target:   01602857
Solution: 05776368 (validated)
Votes:    2849/2849
Wallets:  450188:2849

Id:       2850
Winner:   450188
Target:   05776368
Solution: 03883131 (validated)
Votes:    2850/2850
Wallets:  450188:2850

Id:       2851
Winner:   450188
Target:   03883131
Solution: 03404465 (validated)
Votes:    2851/2851
Wallets:  450188:2851

Id:       2852
Winner:   450188
Target:   03404465
Solution: 01790404 (validated)
Votes:    2852/2852
Wallets:  450188:2852

Id:       2853
Winner:   450188
Target:   01790404
Solution: 00884839 (validated)
Votes:    2853/2853
Wallets:  450188:2853

Id:       2854
Winner:   450188
Target:   00884839
Solution: 01515564 (validated)
Votes:    2854/2854
Wallets:  450188:2854

Id:       2855
Winner:   450188
Target:   01515564
Solution: 08616946 (validated)
Votes:    2855/2855
Wallets:  450188:2855

Id:       2856
Winner:   450188
Target:   08616946
Solution: 05495580 (validated)
Votes:    2856/2856
Wallets:  450188:2856

Id:       2857
Winner:   450188
Target:   05495580
Solution: 08714295 (validated)
Votes:    2857/2857
Wallets:  450188:2857

Id:       2858
Winner:   450188
Target:   08714295
Solution: 00782300 (rejected)
Votes:    2858/2858
Wallets:  450188:2858

Id:       2859
Winner:   450188
Target:   08714295
Solution: 00782300 (validated)
Votes:    2859/2859
Wallets:  450188:2859

Id:       2860
Winner:   450188
Target:   00782300
Solution: 03055506 (validated)
Votes:    2860/2860
Wallets:  450188:2860

Id:       2861
Winner:   450188
Target:   03055506
Solution: 06151646 (validated)
Votes:    2861/2861
Wallets:  450188:2861

Id:       2862
Winner:   450188
Target:   06151646
Solution: 00866150 (rejected)
Votes:    2862/2862
Wallets:  450188:2862

Id:       2863
Winner:   450188
Target:   06151646
Solution: 00866150 (validated)
Votes:    2863/2863
Wallets:  450188:2863

Id:       2864
Winner:   450188
Target:   00866150
Solution: 04393480 (validated)
Votes:    2864/2864
Wallets:  450188:2864

Id:       2865
Winner:   450188
Target:   04393480
Solution: 06914819 (validated)
Votes:    2865/2865
Wallets:  450188:2865

Id:       2866
Winner:   450188
Target:   06914819
Solution: 08618459 (validated)
Votes:    2866/2866
Wallets:  450188:2866

Id:       2867
Winner:   450188
Target:   08618459
Solution: 09132963 (validated)
Votes:    2867/2867
Wallets:  450188:2867

Id:       2868
Winner:   450188
Target:   09132963
Solution: 09000275 (validated)
Votes:    2868/2868
Wallets:  450188:2868

Id:       2869
Winner:   450188
Target:   09000275
Solution: 03001490 (validated)
Votes:    2869/2869
Wallets:  450188:2869

Id:       2870
Winner:   450188
Target:   03001490
Solution: 01584199 (validated)
Votes:    2870/2870
Wallets:  450188:2870

Id:       2871
Winner:   450188
Target:   01584199
Solution: 08761850 (validated)
Votes:    2871/2871
Wallets:  450188:2871

Id:       2872
Winner:   450188
Target:   08761850
Solution: 07763900 (validated)
Votes:    2872/2872
Wallets:  450188:2872

Id:       2873
Winner:   450188
Target:   07763900
Solution: 08079406 (validated)
Votes:    2873/2873
Wallets:  450188:2873

Id:       2874
Winner:   450188
Target:   08079406
Solution: 09870479 (validated)
Votes:    2874/2874
Wallets:  450188:2874

Id:       2875
Winner:   450188
Target:   09870479
Solution: 08997706 (validated)
Votes:    2875/2875
Wallets:  450188:2875

Id:       2876
Winner:   450188
Target:   08997706
Solution: 01827544 (validated)
Votes:    2876/2876
Wallets:  450188:2876

Id:       2877
Winner:   450188
Target:   01827544
Solution: 03655862 (rejected)
Votes:    2877/2877
Wallets:  450188:2877

Id:       2878
Winner:   450188
Target:   01827544
Solution: 03655862 (validated)
Votes:    2878/2878
Wallets:  450188:2878

Id:       2879
Winner:   450188
Target:   03655862
Solution: 09143512 (validated)
Votes:    2879/2879
Wallets:  450188:2879

Id:       2880
Winner:   450188
Target:   09143512
Solution: 03033105 (validated)
Votes:    2880/2880
Wallets:  450188:2880

Id:       2881
Winner:   450188
Target:   03033105
Solution: 01632009 (validated)
Votes:    2881/2881
Wallets:  450188:2881

Id:       2882
Winner:   450188
Target:   01632009
Solution: 00180443 (validated)
Votes:    2882/2882
Wallets:  450188:2882

Id:       2883
Winner:   450188
Target:   00180443
Solution: 09690656 (validated)
Votes:    2883/2883
Wallets:  450188:2883

Id:       2884
Winner:   450188
Target:   09690656
Solution: 00377224 (validated)
Votes:    2884/2884
Wallets:  450188:2884

Id:       2885
Winner:   450188
Target:   00377224
Solution: 09104369 (validated)
Votes:    2885/2885
Wallets:  450188:2885

Id:       2886
Winner:   450188
Target:   09104369
Solution: 06534691 (validated)
Votes:    2886/2886
Wallets:  450188:2886

Id:       2887
Winner:   450188
Target:   06534691
Solution: 07706820 (validated)
Votes:    2887/2887
Wallets:  450188:2887

Id:       2888
Winner:   450188
Target:   07706820
Solution: 02555465 (validated)
Votes:    2888/2888
Wallets:  450188:2888

Id:       2889
Winner:   450188
Target:   02555465
Solution: 09383150 (validated)
Votes:    2889/2889
Wallets:  450188:2889

Id:       2890
Winner:   450188
Target:   09383150
Solution: 00222104 (validated)
Votes:    2890/2890
Wallets:  450188:2890

Id:       2891
Winner:   450188
Target:   00222104
Solution: 08476078 (validated)
Votes:    2891/2891
Wallets:  450188:2891

Id:       2892
Winner:   450188
Target:   08476078
Solution: 08846494 (validated)
Votes:    2892/2892
Wallets:  450188:2892

Id:       2893
Winner:   450188
Target:   08846494
Solution: 08631888 (validated)
Votes:    2893/2893
Wallets:  450188:2893

Id:       2894
Winner:   450188
Target:   08631888
Solution: 07353907 (validated)
Votes:    2894/2894
Wallets:  450188:2894

Id:       2895
Winner:   450188
Target:   07353907
Solution: 00291977 (validated)
Votes:    2895/2895
Wallets:  450188:2895

Id:       2896
Winner:   450188
Target:   00291977
Solution: 09046606 (validated)
Votes:    2896/2896
Wallets:  450188:2896

Id:       2897
Winner:   450188
Target:   09046606
Solution: 06703487 (validated)
Votes:    2897/2897
Wallets:  450188:2897

Id:       2898
Winner:   450188
Target:   06703487
Solution: 05478075 (rejected)
Votes:    2898/2898
Wallets:  450188:2898

Id:       2899
Winner:   450188
Target:   06703487
Solution: 05478075 (validated)
Votes:    2899/2899
Wallets:  450188:2899

Id:       2900
Winner:   450188
Target:   05478075
Solution: 07315373 (validated)
Votes:    2900/2900
Wallets:  450188:2900

Id:       2901
Winner:   450188
Target:   07315373
Solution: 04616689 (validated)
Votes:    2901/2901
Wallets:  450188:2901

Id:       2902
Winner:   450188
Target:   04616689
Solution: 09018528 (rejected)
Votes:    2902/2902
Wallets:  450188:2902

Id:       2903
Winner:   450188
Target:   04616689
Solution: 09018528 (validated)
Votes:    2903/2903
Wallets:  450188:2903

Id:       2904
Winner:   450188
Target:   09018528
Solution: 04738331 (validated)
Votes:    2904/2904
Wallets:  450188:2904

Id:       2905
Winner:   450188
Target:   04738331
Solution: 07327222 (validated)
Votes:    2905/2905
Wallets:  450188:2905

Id:       2906
Winner:   450188
Target:   07327222
Solution: 09287972 (validated)
Votes:    2906/2906
Wallets:  450188:2906

Id:       2907
Winner:   450188
Target:   09287972
Solution: 04405815 (validated)
Votes:    2907/2907
Wallets:  450188:2907

Id:       2908
Winner:   450188
Target:   04405815
Solution: 03919775 (validated)
Votes:    2908/2908
Wallets:  450188:2908

Id:       2909
Winner:   450188
Target:   03919775
Solution: 04454432 (validated)
Votes:    2909/2909
Wallets:  450188:2909

Id:       2910
Winner:   450188
Target:   04454432
Solution: 00073592 (validated)
Votes:    2910/2910
Wallets:  450188:2910

Id:       2911
Winner:   450188
Target:   00073592
Solution: 00461097 (validated)
Votes:    2911/2911
Wallets:  450188:2911

Id:       2912
Winner:   450188
Target:   00461097
Solution: 05039542 (validated)
Votes:    2912/2912
Wallets:  450188:2912

Id:       2913
Winner:   450188
Target:   05039542
Solution: 01764822 (rejected)
Votes:    2913/2913
Wallets:  450188:2913

Id:       2914
Winner:   450188
Target:   05039542
Solution: 01764822 (validated)
Votes:    2914/2914
Wallets:  450188:2914

Id:       2915
Winner:   450188
Target:   01764822
Solution: 08548000 (validated)
Votes:    2915/2915
Wallets:  450188:2915

Id:       2916
Winner:   450188
Target:   08548000
Solution: 02336508 (validated)
Votes:    2916/2916
Wallets:  450188:2916

Id:       2917
Winner:   450188
Target:   02336508
Solution: 01715432 (rejected)
Votes:    2917/2917
Wallets:  450188:2917

Id:       2918
Winner:   450188
Target:   02336508
Solution: 01715432 (validated)
Votes:    2918/2918
Wallets:  450188:2918

Id:       2919
Winner:   450188
Target:   01715432
Solution: 03584352 (validated)
Votes:    2919/2919
Wallets:  450188:2919

Id:       2920
Winner:   450188
Target:   03584352
Solution: 04505337 (validated)
Votes:    2920/2920
Wallets:  450188:2920

Id:       2921
Winner:   450188
Target:   04505337
Solution: 02553942 (rejected)
Votes:    2921/2921
Wallets:  450188:2921

Id:       2922
Winner:   450188
Target:   04505337
Solution: 02553942 (validated)
Votes:    2922/2922
Wallets:  450188:2922

Id:       2923
Winner:   450188
Target:   02553942
Solution: 06356081 (validated)
Votes:    2923/2923
Wallets:  450188:2923

Id:       2924
Winner:   450188
Target:   06356081
Solution: 01037747 (validated)
Votes:    2924/2924
Wallets:  450188:2924

Id:       2925
Winner:   450188
Target:   01037747
Solution: 03176172 (rejected)
Votes:    2925/2925
Wallets:  450188:2925

Id:       2926
Winner:   450188
Target:   01037747
Solution: 03176172 (rejected)
Votes:    2926/2926
Wallets:  450188:2926

Id:       2927
Winner:   450188
Target:   01037747
Solution: 03176172 (validated)
Votes:    2927/2927
Wallets:  450188:2927

Id:       2928
Winner:   450188
Target:   03176172
Solution: 02041265 (validated)
Votes:    2928/2928
Wallets:  450188:2928

Id:       2929
Winner:   450188
Target:   02041265
Solution: 08958147 (rejected)
Votes:    2929/2929
Wallets:  450188:2929

Id:       2930
Winner:   450188
Target:   02041265
Solution: 08958147 (validated)
Votes:    2930/2930
Wallets:  450188:2930

Id:       2931
Winner:   450188
Target:   08958147
Solution: 08723259 (validated)
Votes:    2931/2931
Wallets:  450188:2931

Id:       2932
Winner:   450188
Target:   08723259
Solution: 01570626 (validated)
Votes:    2932/2932
Wallets:  450188:2932

Id:       2933
Winner:   450188
Target:   01570626
Solution: 01333573 (validated)
Votes:    2933/2933
Wallets:  450188:2933

Id:       2934
Winner:   450188
Target:   01333573
Solution: 06341557 (rejected)
Votes:    2934/2934
Wallets:  450188:2934

Id:       2935
Winner:   450188
Target:   01333573
Solution: 06341557 (validated)
Votes:    2935/2935
Wallets:  450188:2935

Id:       2936
Winner:   450188
Target:   06341557
Solution: 09660004 (validated)
Votes:    2936/2936
Wallets:  450188:2936

Id:       2937
Winner:   450188
Target:   09660004
Solution: 07540976 (validated)
Votes:    2937/2937
Wallets:  450188:2937

Id:       2938
Winner:   450188
Target:   07540976
Solution: 08577142 (rejected)
Votes:    2938/2938
Wallets:  450188:2938

Id:       2939
Winner:   450188
Target:   07540976
Solution: 08577142 (validated)
Votes:    2939/2939
Wallets:  450188:2939

Id:       2940
Winner:   450188
Target:   08577142
Solution: 07348594 (validated)
Votes:    2940/2940
Wallets:  450188:2940

Id:       2941
Winner:   450188
Target:   07348594
Solution: 08624580 (validated)
Votes:    2941/2941
Wallets:  450188:2941

Id:       2942
Winner:   450188
Target:   08624580
Solution: 07474092 (validated)
Votes:    2942/2942
Wallets:  450188:2942

Id:       2943
Winner:   450188
Target:   07474092
Solution: 03542766 (validated)
Votes:    2943/2943
Wallets:  450188:2943

Id:       2944
Winner:   450188
Target:   03542766
Solution: 01142560 (validated)
Votes:    2944/2944
Wallets:  450188:2944

Id:       2945
Winner:   450188
Target:   01142560
Solution: 00819045 (validated)
Votes:    2945/2945
Wallets:  450188:2945

Id:       2946
Winner:   450188
Target:   00819045
Solution: 09938538 (validated)
Votes:    2946/2946
Wallets:  450188:2946

Id:       2947
Winner:   450188
Target:   09938538
Solution: 02306369 (validated)
Votes:    2947/2947
Wallets:  450188:2947

Id:       2948
Winner:   450188
Target:   02306369
Solution: 03564088 (validated)
Votes:    2948/2948
Wallets:  450188:2948

Id:       2949
Winner:   450188
Target:   03564088
Solution: 03530738 (rejected)
Votes:    2949/2949
Wallets:  450188:2949

Id:       2950
Winner:   450188
Target:   03564088
Solution: 03530738 (validated)
Votes:    2950/2950
Wallets:  450188:2950

Id:       2951
Winner:   450188
Target:   03530738
Solution: 09395437 (validated)
Votes:    2951/2951
Wallets:  450188:2951

Id:       2952
Winner:   450188
Target:   09395437
Solution: 04155646 (validated)
Votes:    2952/2952
Wallets:  450188:2952

Id:       2953
Winner:   450188
Target:   04155646
Solution: 07600302 (validated)
Votes:    2953/2953
Wallets:  450188:2953

Id:       2954
Winner:   450188
Target:   07600302
Solution: 08994159 (validated)
Votes:    2954/2954
Wallets:  450188:2954

Id:       2955
Winner:   450188
Target:   08994159
Solution: 04355204 (validated)
Votes:    2955/2955
Wallets:  450188:2955

Id:       2956
Winner:   450188
Target:   04355204
Solution: 01492048 (validated)
Votes:    2956/2956
Wallets:  450188:2956

Id:       2957
Winner:   450188
Target:   01492048
Solution: 02163441 (validated)
Votes:    2957/2957
Wallets:  450188:2957

Id:       2958
Winner:   450188
Target:   02163441
Solution: 02669625 (validated)
Votes:    2958/2958
Wallets:  450188:2958

Id:       2959
Winner:   450188
Target:   02669625
Solution: 00435638 (validated)
Votes:    2959/2959
Wallets:  450188:2959

Id:       2960
Winner:   450188
Target:   00435638
Solution: 01196762 (validated)
Votes:    2960/2960
Wallets:  450188:2960

Id:       2961
Winner:   450188
Target:   01196762
Solution: 06031888 (validated)
Votes:    2961/2961
Wallets:  450188:2961

Id:       2962
Winner:   450188
Target:   06031888
Solution: 05547123 (validated)
Votes:    2962/2962
Wallets:  450188:2962

Id:       2963
Winner:   450188
Target:   05547123
Solution: 08248321 (validated)
Votes:    2963/2963
Wallets:  450188:2963

Id:       2964
Winner:   450188
Target:   08248321
Solution: 08377155 (validated)
Votes:    2964/2964
Wallets:  450188:2964

Id:       2965
Winner:   450188
Target:   08377155
Solution: 01648070 (validated)
Votes:    2965/2965
Wallets:  450188:2965

Id:       2966
Winner:   450188
Target:   01648070
Solution: 01728973 (validated)
Votes:    2966/2966
Wallets:  450188:2966

Id:       2967
Winner:   450188
Target:   01728973
Solution: 08966555 (validated)
Votes:    2967/2967
Wallets:  450188:2967

Id:       2968
Winner:   450188
Target:   08966555
Solution: 01454716 (validated)
Votes:    2968/2968
Wallets:  450188:2968

Id:       2969
Winner:   450188
Target:   01454716
Solution: 07111368 (validated)
Votes:    2969/2969
Wallets:  450188:2969

Id:       2970
Winner:   450188
Target:   07111368
Solution: 08194681 (validated)
Votes:    2970/2970
Wallets:  450188:2970

